--------- beginning of main
06-03 14:38:39.134  2126  2126 E IPCThreadState: Binder transaction failure. id: 70064, BR_*: 29201, error: -1 (Operation not permitted)
06-03 14:38:39.135  2126  2126 E IPCThreadState: Binder transaction failure. id: 70068, BR_*: 29201, error: -1 (Operation not permitted)
06-03 14:38:39.135  2126  2126 E IPCThreadState: Binder transaction failure. id: 70072, BR_*: 29201, error: -1 (Operation not permitted)
06-03 14:38:39.136  2126  2126 E IPCThreadState: Binder transaction failure. id: 70076, BR_*: 29201, error: -1 (Operation not permitted)
06-03 14:38:39.136  2126  2126 E IPCThreadState: Binder transaction failure. id: 70080, BR_*: 29201, error: -1 (Operation not permitted)
06-03 14:38:39.136  2126  2126 E IPCThreadState: Binder transaction failure. id: 70084, BR_*: 29201, error: -1 (Operation not permitted)
06-03 14:38:39.136  2126  2126 E IPCThreadState: Binder transaction failure. id: 70088, BR_*: 29201, error: -1 (Operation not permitted)
06-03 14:38:39.136  2126  2126 E IPCThreadState: Binder transaction failure. id: 70092, BR_*: 29201, error: -1 (Operation not permitted)
06-03 14:38:39.136  2126  2126 E IPCThreadState: Binder transaction failure. id: 70096, BR_*: 29201, error: -1 (Operation not permitted)
--------- beginning of kernel
06-03 14:38:39.137   156   156 E SELinux : avc:  denied  { find } for pid=2126 uid=2000 name=android.hardware.security.keymint.IKeyMintDevice/default scontext=u:r:shell:s0 tcontext=u:object_r:hal_keymint_service:s0 tclass=service_manager permissive=0
06-03 14:38:39.138   156   156 E SELinux : avc:  denied  { find } for pid=2126 uid=2000 name=android.hardware.security.secureclock.ISecureClock/default scontext=u:r:shell:s0 tcontext=u:object_r:hal_secureclock_service:s0 tclass=service_manager permissive=0
06-03 14:38:39.138  2126  2126 E IPCThreadState: Binder transaction failure. id: 70111, BR_*: 29201, error: -1 (Operation not permitted)
06-03 14:38:39.139  2126  2126 E IPCThreadState: Binder transaction failure. id: 70115, BR_*: 29201, error: -1 (Operation not permitted)
06-03 14:38:39.139  2126  2126 E IPCThreadState: Binder transaction failure. id: 70119, BR_*: 29201, error: -1 (Operation not permitted)
06-03 14:38:39.138   156   156 E SELinux : avc:  denied  { find } for pid=2126 uid=2000 name=android.hardware.security.sharedsecret.ISharedSecret/default scontext=u:r:shell:s0 tcontext=u:object_r:hal_sharedsecret_service:s0 tclass=service_manager permissive=0
06-03 14:38:39.139  2126  2126 E IPCThreadState: Binder transaction failure. id: 70123, BR_*: 29201, error: -1 (Operation not permitted)
06-03 14:38:39.140  2126  2126 E IPCThreadState: Binder transaction failure. id: 70127, BR_*: 29201, error: -1 (Operation not permitted)
06-03 14:38:39.140  2126  2126 E IPCThreadState: Binder transaction failure. id: 70132, BR_*: 29201, error: -1 (Operation not permitted)
06-03 14:38:39.146   156   156 E SELinux : avc:  denied  { find } for pid=2126 uid=2000 name=android.service.gatekeeper.IGateKeeperService scontext=u:r:shell:s0 tcontext=u:object_r:gatekeeper_service:s0 tclass=service_manager permissive=0
06-03 14:38:39.146  2126  2126 E IPCThreadState: Binder transaction failure. id: 70178, BR_*: 29201, error: -1 (Operation not permitted)
06-03 14:38:39.147  2126  2126 E IPCThreadState: Binder transaction failure. id: 70182, BR_*: 29201, error: -1 (Operation not permitted)
06-03 14:38:39.148  2126  2126 E Parcel  : Reading a NULL string not supported here.
06-03 14:38:39.154  2126  2126 E Parcel  : Reading a NULL string not supported here.
06-03 14:38:39.156  2126  2126 E Parcel  : Reading a NULL string not supported here.
06-03 14:38:39.158  2126  2126 E Parcel  : Reading a NULL string not supported here.
06-03 14:38:39.163  2126  2126 E Parcel  : Reading a NULL string not supported here.
06-03 14:38:39.163  2126  2126 E Parcel  : Reading a NULL string not supported here.
06-03 14:38:39.165  2126  2126 E Parcel  : Reading a NULL string not supported here.
06-03 14:38:39.166  2126  2126 E Parcel  : Reading a NULL string not supported here.
06-03 14:38:39.169  2126  2126 E Parcel  : Reading a NULL string not supported here.
06-03 14:38:39.169  2126  2126 E Parcel  : Reading a NULL string not supported here.
06-03 14:38:39.172  2126  2126 E Parcel  : Reading a NULL string not supported here.
06-03 14:38:39.171   156   156 E SELinux : avc:  denied  { find } for pid=2126 uid=2000 name=dnsresolver scontext=u:r:shell:s0 tcontext=u:object_r:dnsresolver_service:s0 tclass=service_manager permissive=0
06-03 14:38:39.177  2126  2126 E Parcel  : Reading a NULL string not supported here.
06-03 14:38:39.181   156   156 E SELinux : avc:  denied  { find } for pid=2126 uid=2000 name=incident scontext=u:r:shell:s0 tcontext=u:object_r:incident_service:s0 tclass=service_manager permissive=0
06-03 14:38:39.183   156   156 E SELinux : avc:  denied  { find } for pid=2126 uid=2000 name=installd scontext=u:r:shell:s0 tcontext=u:object_r:installd_service:s0 tclass=service_manager permissive=0
06-03 14:38:39.187  2126  2126 E Parcel  : Reading a NULL string not supported here.
06-03 14:38:39.188  2126  2126 E Parcel  : Reading a NULL string not supported here.
06-03 14:38:39.190   156   156 E SELinux : avc:  denied  { find } for pid=2126 uid=2000 name=mdns scontext=u:r:shell:s0 tcontext=u:object_r:mdns_service:s0 tclass=service_manager permissive=0
06-03 14:38:39.197  2126  2126 E Parcel  : Reading a NULL string not supported here.
06-03 14:38:39.200   156   156 E SELinux : avc:  denied  { find } for pid=2126 uid=2000 name=netd scontext=u:r:shell:s0 tcontext=u:object_r:netd_service:s0 tclass=service_manager permissive=0
06-03 14:38:39.202  2126  2126 E Parcel  : Reading a NULL string not supported here.
06-03 14:38:39.217  2126  2126 E Parcel  : Reading a NULL string not supported here.
06-03 14:38:39.223  2126  2126 E Parcel  : Reading a NULL string not supported here.
06-03 14:38:39.231  2126  2126 E Parcel  : Reading a NULL string not supported here.
06-03 14:38:39.231   156   156 E SELinux : avc:  denied  { find } for pid=2126 uid=2000 name=suspend_control scontext=u:r:shell:s0 tcontext=u:object_r:system_suspend_control_service:s0 tclass=service_manager permissive=0
06-03 14:38:39.231   156   156 E SELinux : avc:  denied  { find } for pid=2126 uid=2000 name=suspend_control_internal scontext=u:r:shell:s0 tcontext=u:object_r:system_suspend_control_internal_service:s0 tclass=service_manager permissive=0
06-03 14:38:39.234  2126  2126 E Parcel  : Reading a NULL string not supported here.
06-03 14:38:39.245   156   156 E SELinux : avc:  denied  { find } for pid=2126 uid=2000 name=vold scontext=u:r:shell:s0 tcontext=u:object_r:vold_service:s0 tclass=service_manager permissive=0
06-03 14:38:39.247  2126  2126 E IPCThreadState: Binder transaction failure. id: 71234, BR_*: 29201, error: -1 (Operation not permitted)
06-03 14:38:39.278  2128  2128 E Parcel  : Reading a NULL string not supported here.
06-03 14:38:39.284  2128  2128 E IPCThreadState: Binder transaction failure. id: 71335, BR_*: 29201, error: -1 (Operation not permitted)
06-03 14:38:39.284  2128  2128 E IPCThreadState: Binder transaction failure. id: 71339, BR_*: 29201, error: -1 (Operation not permitted)
06-03 14:38:39.284  2128  2128 E IPCThreadState: Binder transaction failure. id: 71343, BR_*: 29201, error: -1 (Operation not permitted)
06-03 14:38:39.284  2128  2128 E IPCThreadState: Binder transaction failure. id: 71347, BR_*: 29201, error: -1 (Operation not permitted)
06-03 14:38:39.284  2128  2128 E IPCThreadState: Binder transaction failure. id: 71351, BR_*: 29201, error: -1 (Operation not permitted)
06-03 14:38:39.285  2128  2128 E IPCThreadState: Binder transaction failure. id: 71355, BR_*: 29201, error: -1 (Operation not permitted)
06-03 14:38:39.285  2128  2128 E IPCThreadState: Binder transaction failure. id: 71359, BR_*: 29201, error: -1 (Operation not permitted)
06-03 14:38:39.285  2128  2128 E IPCThreadState: Binder transaction failure. id: 71368, BR_*: 29201, error: -1 (Operation not permitted)
06-03 14:38:39.285  2128  2128 E IPCThreadState: Binder transaction failure. id: 71372, BR_*: 29201, error: -1 (Operation not permitted)
06-03 14:38:39.286  2128  2128 E IPCThreadState: Binder transaction failure. id: 71376, BR_*: 29201, error: -1 (Operation not permitted)
06-03 14:38:39.286  2128  2128 E IPCThreadState: Binder transaction failure. id: 71380, BR_*: 29201, error: -1 (Operation not permitted)
06-03 14:38:39.286  2128  2128 E IPCThreadState: Binder transaction failure. id: 71384, BR_*: 29201, error: -1 (Operation not permitted)
06-03 14:38:39.286  2128  2128 E IPCThreadState: Binder transaction failure. id: 71388, BR_*: 29201, error: -1 (Operation not permitted)
06-03 14:38:39.288  2128  2128 E IPCThreadState: Binder transaction failure. id: 71412, BR_*: 29201, error: -1 (Operation not permitted)
06-03 14:38:39.288  2128  2128 E IPCThreadState: Binder transaction failure. id: 71416, BR_*: 29201, error: -1 (Operation not permitted)
06-03 14:38:39.288  2128  2128 E IPCThreadState: Binder transaction failure. id: 71420, BR_*: 29201, error: -1 (Operation not permitted)
06-03 14:38:39.289  2128  2128 E IPCThreadState: Binder transaction failure. id: 71424, BR_*: 29201, error: -1 (Operation not permitted)
06-03 14:38:39.289  2128  2128 E IPCThreadState: Binder transaction failure. id: 71428, BR_*: 29201, error: -1 (Operation not permitted)
06-03 14:38:39.290  2128  2128 E IPCThreadState: Binder transaction failure. id: 71432, BR_*: 29201, error: -1 (Operation not permitted)
06-03 14:38:39.290  2128  2128 E IPCThreadState: Binder transaction failure. id: 71436, BR_*: 29201, error: -1 (Operation not permitted)
06-03 14:38:39.290  2128  2128 E IPCThreadState: Binder transaction failure. id: 71441, BR_*: 29201, error: -1 (Operation not permitted)
06-03 14:38:39.290  2128  2128 E IPCThreadState: Binder transaction failure. id: 71445, BR_*: 29201, error: -1 (Operation not permitted)
06-03 14:38:39.291  2128  2128 E IPCThreadState: Binder transaction failure. id: 71449, BR_*: 29201, error: -1 (Operation not permitted)
06-03 14:38:39.291  2128  2128 E IPCThreadState: Binder transaction failure. id: 71453, BR_*: 29201, error: -1 (Operation not permitted)
06-03 14:38:39.291  2128  2128 E IPCThreadState: Binder transaction failure. id: 71457, BR_*: 29201, error: -1 (Operation not permitted)
06-03 14:38:39.293  2128  2128 E IPCThreadState: Binder transaction failure. id: 71472, BR_*: 29201, error: -1 (Operation not permitted)
06-03 14:38:39.293   156   156 E SELinux : avc:  denied  { find } for pid=2128 uid=2000 name=android.hardware.security.keymint.IKeyMintDevice/default scontext=u:r:shell:s0 tcontext=u:object_r:hal_keymint_service:s0 tclass=service_manager permissive=0
06-03 14:38:39.293   156   156 E SELinux : avc:  denied  { find } for pid=2128 uid=2000 name=android.hardware.security.secureclock.ISecureClock/default scontext=u:r:shell:s0 tcontext=u:object_r:hal_secureclock_service:s0 tclass=service_manager permissive=0
06-03 14:38:39.294   156   156 E SELinux : avc:  denied  { find } for pid=2128 uid=2000 name=android.hardware.security.sharedsecret.ISharedSecret/default scontext=u:r:shell:s0 tcontext=u:object_r:hal_sharedsecret_service:s0 tclass=service_manager permissive=0
06-03 14:38:39.293  2128  2128 E IPCThreadState: Binder transaction failure. id: 71476, BR_*: 29201, error: -1 (Operation not permitted)
06-03 14:38:39.294  2128  2128 E IPCThreadState: Binder transaction failure. id: 71480, BR_*: 29201, error: -1 (Operation not permitted)
06-03 14:38:39.294  2128  2128 E IPCThreadState: Binder transaction failure. id: 71484, BR_*: 29201, error: -1 (Operation not permitted)
06-03 14:38:39.294  2128  2128 E IPCThreadState: Binder transaction failure. id: 71488, BR_*: 29201, error: -1 (Operation not permitted)
06-03 14:38:39.294  2128  2128 E IPCThreadState: Binder transaction failure. id: 71492, BR_*: 29201, error: -1 (Operation not permitted)
06-03 14:38:39.299  2128  2128 E IPCThreadState: Binder transaction failure. id: 71538, BR_*: 29201, error: -1 (Operation not permitted)
06-03 14:38:39.299  2128  2128 E IPCThreadState: Binder transaction failure. id: 71542, BR_*: 29201, error: -1 (Operation not permitted)
06-03 14:38:39.299  2128  2128 E Parcel  : Reading a NULL string not supported here.
06-03 14:38:39.299   156   156 E SELinux : avc:  denied  { find } for pid=2128 uid=2000 name=android.service.gatekeeper.IGateKeeperService scontext=u:r:shell:s0 tcontext=u:object_r:gatekeeper_service:s0 tclass=service_manager permissive=0
06-03 14:38:39.304  2128  2128 E Parcel  : Reading a NULL string not supported here.
06-03 14:38:39.305  2128  2128 E Parcel  : Reading a NULL string not supported here.
06-03 14:38:39.307  2128  2128 E Parcel  : Reading a NULL string not supported here.
06-03 14:38:39.311  2128  2128 E Parcel  : Reading a NULL string not supported here.
06-03 14:38:39.311  2128  2128 E Parcel  : Reading a NULL string not supported here.
06-03 14:38:39.313  2128  2128 E Parcel  : Reading a NULL string not supported here.
06-03 14:38:39.313  2128  2128 E Parcel  : Reading a NULL string not supported here.
06-03 14:38:39.315  2128  2128 E Parcel  : Reading a NULL string not supported here.
06-03 14:38:39.315  2128  2128 E Parcel  : Reading a NULL string not supported here.
06-03 14:38:39.317   156   156 E SELinux : avc:  denied  { find } for pid=2128 uid=2000 name=dnsresolver scontext=u:r:shell:s0 tcontext=u:object_r:dnsresolver_service:s0 tclass=service_manager permissive=0
06-03 14:38:39.318  2128  2128 E Parcel  : Reading a NULL string not supported here.
06-03 14:38:39.320  2128  2128 E Parcel  : Reading a NULL string not supported here.
06-03 14:38:39.323   156   156 E SELinux : avc:  denied  { find } for pid=2128 uid=2000 name=incident scontext=u:r:shell:s0 tcontext=u:object_r:incident_service:s0 tclass=service_manager permissive=0
06-03 14:38:39.325   156   156 E SELinux : avc:  denied  { find } for pid=2128 uid=2000 name=installd scontext=u:r:shell:s0 tcontext=u:object_r:installd_service:s0 tclass=service_manager permissive=0
06-03 14:38:39.329  2128  2128 E Parcel  : Reading a NULL string not supported here.
06-03 14:38:39.331  2128  2128 E Parcel  : Reading a NULL string not supported here.
06-03 14:38:39.332   156   156 E SELinux : avc:  denied  { find } for pid=2128 uid=2000 name=mdns scontext=u:r:shell:s0 tcontext=u:object_r:mdns_service:s0 tclass=service_manager permissive=0
06-03 14:38:39.339  2128  2128 E Parcel  : Reading a NULL string not supported here.
06-03 14:38:39.344  2128  2128 E Parcel  : Reading a NULL string not supported here.
06-03 14:38:39.342   156   156 E SELinux : avc:  denied  { find } for pid=2128 uid=2000 name=netd scontext=u:r:shell:s0 tcontext=u:object_r:netd_service:s0 tclass=service_manager permissive=0
06-03 14:38:39.359  2128  2128 E Parcel  : Reading a NULL string not supported here.
06-03 14:38:39.365  2128  2128 E Parcel  : Reading a NULL string not supported here.
06-03 14:38:39.372  2128  2128 E Parcel  : Reading a NULL string not supported here.
06-03 14:38:39.372   156   156 E SELinux : avc:  denied  { find } for pid=2128 uid=2000 name=suspend_control scontext=u:r:shell:s0 tcontext=u:object_r:system_suspend_control_service:s0 tclass=service_manager permissive=0
06-03 14:38:39.372   156   156 E SELinux : avc:  denied  { find } for pid=2128 uid=2000 name=suspend_control_internal scontext=u:r:shell:s0 tcontext=u:object_r:system_suspend_control_internal_service:s0 tclass=service_manager permissive=0
06-03 14:38:39.374  2128  2128 E Parcel  : Reading a NULL string not supported here.
06-03 14:38:39.384   156   156 E SELinux : avc:  denied  { find } for pid=2128 uid=2000 name=vold scontext=u:r:shell:s0 tcontext=u:object_r:vold_service:s0 tclass=service_manager permissive=0
06-03 14:38:39.386  2128  2128 E IPCThreadState: Binder transaction failure. id: 72593, BR_*: 29201, error: -1 (Operation not permitted)
06-03 14:38:39.543   542   849 E SystemServiceRegistry: No service published for: persistent_data_block
06-03 14:38:39.543   542   849 E SystemServiceRegistry: android.os.ServiceManager$ServiceNotFoundException: No service published for: persistent_data_block
06-03 14:38:39.543   542   849 E SystemServiceRegistry: 	at android.os.ServiceManager.getServiceOrThrow(ServiceManager.java:203)
06-03 14:38:39.543   542   849 E SystemServiceRegistry: 	at android.app.SystemServiceRegistry$81.createService(SystemServiceRegistry.java:1071)
06-03 14:38:39.543   542   849 E SystemServiceRegistry: 	at android.app.SystemServiceRegistry$81.createService(SystemServiceRegistry.java:1068)
06-03 14:38:39.543   542   849 E SystemServiceRegistry: 	at android.app.SystemServiceRegistry$StaticServiceFetcher.getService(SystemServiceRegistry.java:2293)
06-03 14:38:39.543   542   849 E SystemServiceRegistry: 	at android.app.SystemServiceRegistry.getSystemService(SystemServiceRegistry.java:1812)
06-03 14:38:39.543   542   849 E SystemServiceRegistry: 	at android.app.ContextImpl.getSystemService(ContextImpl.java:2241)
06-03 14:38:39.543   542   849 E SystemServiceRegistry: 	at android.content.Context.getSystemService(Context.java:4503)
06-03 14:38:39.543   542   849 E SystemServiceRegistry: 	at com.android.server.pm.PackageInstallerSession.markAsSealed(PackageInstallerSession.java:2394)
06-03 14:38:39.543   542   849 E SystemServiceRegistry: 	at com.android.server.pm.PackageInstallerSession.commit(PackageInstallerSession.java:2143)
06-03 14:38:39.543   542   849 E SystemServiceRegistry: 	at android.content.pm.PackageInstaller$Session.commit(PackageInstaller.java:1977)
06-03 14:38:39.543   542   849 E SystemServiceRegistry: 	at com.android.server.pm.PackageManagerShellCommand.doCommitSession(PackageManagerShellCommand.java:4298)
06-03 14:38:39.543   542   849 E SystemServiceRegistry: 	at com.android.server.pm.PackageManagerShellCommand.doRunInstall(PackageManagerShellCommand.java:1634)
06-03 14:38:39.543   542   849 E SystemServiceRegistry: 	at com.android.server.pm.PackageManagerShellCommand.runInstall(PackageManagerShellCommand.java:1561)
06-03 14:38:39.543   542   849 E SystemServiceRegistry: 	at com.android.server.pm.PackageManagerShellCommand.onCommand(PackageManagerShellCommand.java:245)
06-03 14:38:39.543   542   849 E SystemServiceRegistry: 	at com.android.modules.utils.BasicShellCommandHandler.exec(BasicShellCommandHandler.java:97)
06-03 14:38:39.543   542   849 E SystemServiceRegistry: 	at android.os.ShellCommand.exec(ShellCommand.java:38)
06-03 14:38:39.543   542   849 E SystemServiceRegistry: 	at com.android.server.pm.PackageManagerService$IPackageManagerImpl.onShellCommand(PackageManagerService.java:6561)
06-03 14:38:39.543   542   849 E SystemServiceRegistry: 	at android.os.Binder.shellCommand(Binder.java:1230)
06-03 14:38:39.543   542   849 E SystemServiceRegistry: 	at android.os.Binder.onTransact(Binder.java:1043)
06-03 14:38:39.543   542   849 E SystemServiceRegistry: 	at android.content.pm.IPackageManager$Stub.onTransact(IPackageManager.java:4620)
06-03 14:38:39.543   542   849 E SystemServiceRegistry: 	at com.android.server.pm.PackageManagerService$IPackageManagerImpl.onTransact(PackageManagerService.java:6545)
06-03 14:38:39.543   542   849 E SystemServiceRegistry: 	at android.os.Binder.execTransactInternal(Binder.java:1505)
06-03 14:38:39.543   542   849 E SystemServiceRegistry: 	at android.os.Binder.execTransact(Binder.java:1444)
--------- beginning of system
06-03 14:38:39.544   542   849 E SystemServiceRegistry: Manager wrapper not available: persistent_data_block
06-03 14:38:39.553   542   639 D FileSystemUtils: Punching holes in file: /data/app/vmdl1611659969.tmp/base.apk programHeaderOffset: 64 programHeaderNum: 9
06-03 14:38:39.553   542   639 D FileSystemUtils: Total number of LOAD segments 3
06-03 14:38:39.553   542   639 D FileSystemUtils: Size before punching holes st_blocks: 24384, st_blksize: 4096, st_size: 12480162
06-03 14:38:39.553   542   639 D FileSystemUtils: Size after punching holes st_blocks: 24384, st_blksize: 4096, st_size: 12480162
06-03 14:38:39.553   542   639 D FileSystemUtils: Extra field length: 14453,  Size before punching holes st_blocks: 24384, st_blksize: 4096, st_size: 12480162
06-03 14:38:39.553   542   639 D FileSystemUtils: Extra field length: 14453 content near offset: 0000000000000000000000000000000000000000000000000000000000000000000000000000000000000000000000000000000000000000000000000000000000000000000000000000000000000000000000000000000000000000000000000000000000000000000000000000000000000000000000000000000000000000000000000000000000000000000000000000000000000000000000000000000000000000000000000000000000000000000000000000000000000000000000000000000000000000000000000000000000000000000000000000000000000000000000000000000000000000000000000000000000000000000000000000000000000000000000000000000000000000000000000000000000000000000000000000000000000000000000000000000000000000000000000000000000000000000000000000000000000000000000000000000000000000000000000000000000000000000000000000000000000000000000000000000000000000000000000000000000000000000000000000000000000000000000000000000000000000000000000000000000000000000000000000000000000000000000000000000000000000000000000000000000000000000000000000000000000000000000000000000000000000
06-03 14:38:39.553   542   639 D FileSystemUtils: Punching hole in file - start: 11702272 len:12288
06-03 14:38:39.554   542   639 D FileSystemUtils: punchHolesInApk:: Size after punching holes st_blocks: 24360, st_blksize: 4096, st_size: 12480162
06-03 14:38:39.554   542   639 D FileSystemUtils: Punching holes in file: /data/app/vmdl1611659969.tmp/base.apk programHeaderOffset: 64 programHeaderNum: 9
06-03 14:38:39.554   542   639 D FileSystemUtils: Total number of LOAD segments 3
06-03 14:38:39.554   542   639 D FileSystemUtils: Size before punching holes st_blocks: 24360, st_blksize: 4096, st_size: 12480162
06-03 14:38:39.554   542   639 D FileSystemUtils: Size after punching holes st_blocks: 24360, st_blksize: 4096, st_size: 12480162
06-03 14:38:39.554   542   639 D FileSystemUtils: Extra field length: 6214,  Size before punching holes st_blocks: 24360, st_blksize: 4096, st_size: 12480162
06-03 14:38:39.554   542   639 D FileSystemUtils: Extra field length: 6214 content near offset: 00000000000000000000000000000000000000000000000000000000000000000000000000000000000000000000000000000000000000000000000000000000000000000000000000000000000000000000000000000000000000000000000000000000000000000000000000000000000000000000000000000000000000000000000000000000000000000000000000000000000000000000000000000000000000000000000000000000000000000000000000000000000000000000000000000000000000000000000000000000000000000000000000000000000000000000000000000000000000000000000000000000000000000000000000000000000000000000000000000000000000000000000000000000000000000000000000000000000000000000000000000000000000000000000000000000000000000000000000000000000000000000000000000000000000000000000000000000000000000000000000000000000000000000000000000000000000000000000000000000000000000000000000000000000000000000000000000000000000000000000000000000000000000000000000000000000000000000000000000000000000000000000000000000000000000000000000000000000000000000000000000000000000000
06-03 14:38:39.554   542   639 D FileSystemUtils: Punching hole in file - start: 11726848 len:4096
06-03 14:38:39.554   542   639 D FileSystemUtils: punchHolesInApk:: Size after punching holes st_blocks: 24352, st_blksize: 4096, st_size: 12480162
06-03 14:38:39.557   542   687 W RuleEvaluation: Integrity rule files are not available.
06-03 14:38:39.557   542   630 I PackageManager: Integrity check passed for file:///data/app/vmdl1611659969.tmp
06-03 14:38:39.559   542   605 I ActivityManager: Force stopping ru.poryadok5.app appid=10163 user=-1: installPackageLI
06-03 14:38:39.560   542   630 I PackageManager: Update package ru.poryadok5.app code path from /data/app/~~uTvNscdi6rkBkCuvpB0k8A==/ru.poryadok5.app-sAnjtLove5cIStgIiE1D3w== to /data/app/~~oFFCXi0meEHxj0spfqkrHg==/ru.poryadok5.app-uj5dmPMgFvC3u8e125oNag==; Retain data and using new
06-03 14:38:39.560   542   630 I AppsFilter: interaction: PackageSetting{d4e9a4a com.sevenkards.app.debug.test/10158} -> PackageSetting{65564c1 ru.poryadok5.app/10163} BLOCKED
06-03 14:38:39.560   542   630 I AppsFilter: interaction: PackageSetting{ec4ae54 com.roxbox.solpair/10149} -> PackageSetting{65564c1 ru.poryadok5.app/10163} BLOCKED
06-03 14:38:39.560   542   630 I AppsFilter: interaction: PackageSetting{3a8e6d5 de.wettblick.app/10162} -> PackageSetting{65564c1 ru.poryadok5.app/10163} BLOCKED
06-03 14:38:39.560   542   630 I AppsFilter: interaction: PackageSetting{158f2de ru.cisgame.colorquarter.debug/10156} -> PackageSetting{65564c1 ru.poryadok5.app/10163} BLOCKED
06-03 14:38:39.560   542   630 I AppsFilter: interaction: PackageSetting{39aad60 com.casi.casino/10153} -> PackageSetting{65564c1 ru.poryadok5.app/10163} BLOCKED
06-03 14:38:39.560   542   630 I AppsFilter: interaction: PackageSetting{9939071 com.route53.game.debug/10159} -> PackageSetting{65564c1 ru.poryadok5.app/10163} BLOCKED
06-03 14:38:39.560   542   630 I AppsFilter: interaction: PackageSetting{3a86501 com.andrejivliev.marketguide.debug/10148} -> PackageSetting{65564c1 ru.poryadok5.app/10163} BLOCKED
06-03 14:38:39.560   542   630 I AppsFilter: interaction: PackageSetting{e586ae8 com.sevenkards.app.debug/10157} -> PackageSetting{65564c1 ru.poryadok5.app/10163} BLOCKED
06-03 14:38:39.560   542   595 D DisplayManagerService: Drop pending events for gone uid 10163
06-03 14:38:39.560   542   630 I AppsFilter: interaction: PackageSetting{6cd59cd com.andrej.cars4096/10151} -> PackageSetting{65564c1 ru.poryadok5.app/10163} BLOCKED
06-03 14:38:39.561   542   630 I AppsFilter: interaction: PackageSetting{9dfa5a3 com.mellstory.airlines/10154} -> PackageSetting{65564c1 ru.poryadok5.app/10163} BLOCKED
06-03 14:38:39.561   542   630 I AppsFilter: interaction: PackageSetting{a17d76e com.apuestalatam.guia.debug/10160} -> PackageSetting{65564c1 ru.poryadok5.app/10163} BLOCKED
06-03 14:38:39.561   542   630 I AppsFilter: interaction: PackageSetting{6b6f304 com.apuestalatam.guia.debug.test/10161} -> PackageSetting{65564c1 ru.poryadok5.app/10163} BLOCKED
06-03 14:38:39.561   542   630 I AppsFilter: interaction: PackageSetting{5d17f1f com.sevenk.app/10150} -> PackageSetting{65564c1 ru.poryadok5.app/10163} BLOCKED
06-03 14:38:39.561   542   605 D CompatChangeReporter: Compat change id reported: 151861875; UID 10163; state: ENABLED
06-03 14:38:39.561   542   630 I AppsFilter: interaction: PackageSetting{d4e9a4a com.sevenkards.app.debug.test/10158} -> PackageSetting{8bd4d94 ru.poryadok5.app/10163} BLOCKED
06-03 14:38:39.561   542   630 I AppsFilter: interaction: PackageSetting{ec4ae54 com.roxbox.solpair/10149} -> PackageSetting{8bd4d94 ru.poryadok5.app/10163} BLOCKED
06-03 14:38:39.561   542   630 I AppsFilter: interaction: PackageSetting{3a8e6d5 de.wettblick.app/10162} -> PackageSetting{8bd4d94 ru.poryadok5.app/10163} BLOCKED
06-03 14:38:39.561   542   630 I AppsFilter: interaction: PackageSetting{158f2de ru.cisgame.colorquarter.debug/10156} -> PackageSetting{8bd4d94 ru.poryadok5.app/10163} BLOCKED
06-03 14:38:39.561   542   630 I AppsFilter: interaction: PackageSetting{39aad60 com.casi.casino/10153} -> PackageSetting{8bd4d94 ru.poryadok5.app/10163} BLOCKED
06-03 14:38:39.561   542   630 I AppsFilter: interaction: PackageSetting{9939071 com.route53.game.debug/10159} -> PackageSetting{8bd4d94 ru.poryadok5.app/10163} BLOCKED
06-03 14:38:39.561   542   630 I AppsFilter: interaction: PackageSetting{3a86501 com.andrejivliev.marketguide.debug/10148} -> PackageSetting{8bd4d94 ru.poryadok5.app/10163} BLOCKED
06-03 14:38:39.561   542   630 I AppsFilter: interaction: PackageSetting{e586ae8 com.sevenkards.app.debug/10157} -> PackageSetting{8bd4d94 ru.poryadok5.app/10163} BLOCKED
06-03 14:38:39.561   542   630 I AppsFilter: interaction: PackageSetting{6cd59cd com.andrej.cars4096/10151} -> PackageSetting{8bd4d94 ru.poryadok5.app/10163} BLOCKED
06-03 14:38:39.561   542   630 I AppsFilter: interaction: PackageSetting{9dfa5a3 com.mellstory.airlines/10154} -> PackageSetting{8bd4d94 ru.poryadok5.app/10163} BLOCKED
06-03 14:38:39.561   542   630 I AppsFilter: interaction: PackageSetting{a17d76e com.apuestalatam.guia.debug/10160} -> PackageSetting{8bd4d94 ru.poryadok5.app/10163} BLOCKED
06-03 14:38:39.561   542   630 I AppsFilter: interaction: PackageSetting{6b6f304 com.apuestalatam.guia.debug.test/10161} -> PackageSetting{8bd4d94 ru.poryadok5.app/10163} BLOCKED
06-03 14:38:39.561   542   630 I AppsFilter: interaction: PackageSetting{5d17f1f com.sevenk.app/10150} -> PackageSetting{8bd4d94 ru.poryadok5.app/10163} BLOCKED
06-03 14:38:39.561   542   605 I ActivityManager: Killing 1881:ru.poryadok5.app/u0a163 (adj 0): stop ru.poryadok5.app due to installPackageLI
06-03 14:38:39.561   542   605 W ActivityTaskManager: Force removing ActivityRecord{7711a54 u0 ru.poryadok5.app/.MainActivity t532 f}}: app died, no saved state
06-03 14:38:39.562   806   844 V WindowManagerShell: Transition requested (#5): android.os.BinderProxy@7d921e4 TransitionRequestInfo { type = CLOSE, triggerTask = TaskInfo{userId=0 taskId=532 displayId=0 isRunning=false baseIntent=Intent { flg=0x10000000 cmp=ru.poryadok5.app/.MainActivity } baseActivity=null topActivity=null origActivity=null realActivity=ComponentInfo{ru.poryadok5.app/ru.poryadok5.app.MainActivity} numActivities=0 lastActiveTime=26739 supportsMultiWindow=true resizeMode=1 isResizeable=true minWidth=-1 minHeight=-1 defaultMinSize=220 token=WCT{android.window.IWindowContainerToken$Stub$Proxy@a1f164d} topActivityType=1 pictureInPictureParams=null shouldDockBigOverlays=false launchIntoPipHostTaskId=-1 lastParentTaskIdBeforePip=-1 displayCutoutSafeInsets=null topActivityInfo=null launchCookies=[] positionInParent=Point(0, 0) parentTaskId=-1 isFocused=true isVisible=true isVisibleRequested=true isSleeping=false locusId=null displayAreaFeatureId=1 isTopActivityTransparent=false appCompatTaskInfo=AppCompatTaskInfo { topActivityInSizeCompat=false topActivityEligibleForLetterboxEducation= falseisLetterboxEducationEnabled= false isLetterboxDoubleTapEnabled= false topActivityEligibleForUserAspectRatioButton= false topActivityBoundsLetterboxed= false isFromLetterboxDoubleTap= false topActivityLetterboxVerticalPosition= -1 topActivityLetterboxHorizontalPosition= -1 topActivityLetterboxWidth=-1 topActivityLetterboxHeight=-1 isUserFullscreenOverrideEnabled=false isSystemFullscreenOverrideEnabled=false cameraCompatTaskInfo=CameraCompatTaskInfo { cameraCompatControlState=hidden freeformCameraCompatMode=inactive}}}, pipTask = null, remoteTransition = null, displayChange = null, flags = 0, debugId = 5 }
06-03 14:38:39.562   156   156 I servicemanager: Caller(pid=542,uid=1000,sid=u:r:system_server:s0) Since 'artd' could not be found trying to start it as a lazy AIDL service. (if it's not configured to be a lazy service, it may be stuck starting or still starting).
06-03 14:38:39.563     1     1 I init    : starting service 'artd'...
06-03 14:38:39.569   402   402 I adbd    : Remote process closed the socket (on MSG_PEEK)
06-03 14:38:39.569   542   641 I ImeTracker: ru.poryadok5.app:3108c8bb: onRequestHide at ORIGIN_SERVER reason HIDE_REMOVE_CLIENT fromUser false
06-03 14:38:39.569   356   356 I Zygote  : Process 1881 exited due to signal 9 (Killed)
06-03 14:38:39.569   542   641 I ImeTracker: ru.poryadok5.app:3108c8bb: onCancelled at PHASE_SERVER_SHOULD_HIDE
06-03 14:38:39.579   355   450 I netd    : tetherGetStats() -> {[]} <0.54ms>
06-03 14:38:39.582   542   607 I libprocessgroup: Removed cgroup /sys/fs/cgroup/uid_10163/pid_1881
06-03 14:38:39.583     1     1 I init    : ... started service 'artd' has pid 2138
06-03 14:38:39.583     1     1 I init    : Control message: Processed ctl.interface_start for 'aidl/artd' from pid: 156 (/system/bin/servicemanager)
06-03 14:38:39.589  2138  2138 I artd    : Starting artd
06-03 14:38:39.590  2138  2138 I AidlLazyServiceRegistrar: Registering service artd
06-03 14:38:39.590  2138  2138 I AidlLazyServiceRegistrar: Process has 1 (of 1 available) client(s) in use after notification artd has clients: 1
06-03 14:38:39.591   156   156 I servicemanager: Notifying artd they do (previously: don't) have clients when service is guaranteed to be in use
06-03 14:38:39.591   156   156 I BpBinder: onLastStrongRef automatically unlinking death recipients:
06-03 14:38:39.601   542   630 D PackageManager: Instant App installer not found with android.intent.action.INSTALL_INSTANT_APP_PACKAGE
06-03 14:38:39.601   542   630 D PackageManager: Clear ephemeral installer activity
06-03 14:38:39.603   542   605 D OomAdjuster: Not killing cached processes
06-03 14:38:39.605   542   851 I WindowManager: WIN DEATH: Window{2acf95a u0 ru.poryadok5.app/ru.poryadok5.app.MainActivity}
06-03 14:38:39.605   542   851 W InputManager-JNI: Input channel object '2acf95a ru.poryadok5.app/ru.poryadok5.app.MainActivity (client)' was disposed without first being removed with the input manager!
06-03 14:38:39.606   542   597 W ActivityManager: setHasOverlayUi called on unknown pid: 1881
06-03 14:38:39.606   806   844 W Looper  : Slow dispatch took 44ms wmshell.main h=android.os.Handler c=com.android.wm.shell.transition.Transitions$TransitionPlayerImpl$$ExternalSyntheticLambda1@4962502 m=0
06-03 14:38:39.606   542   847 V ActivityManager: Got obituary of 1881:ru.poryadok5.app
06-03 14:38:39.606   542   641 I AppWidgetServiceImpl: startListening() 0
06-03 14:38:39.606   806   844 W Looper  : Slow delivery took 44ms wmshell.main h=android.os.Handler c=com.android.wm.shell.pip.PinnedStackListenerForwarder$PinnedTaskListenerImpl$$ExternalSyntheticLambda1@4c08e13 m=0
06-03 14:38:39.606   806   844 W Looper  : Drained
06-03 14:38:39.608   806   844 D WindowManagerShell: setLauncherKeepClearAreaHeight: visible=true, height=294
06-03 14:38:39.608  1209  1209 D StatsLog: LAUNCHER_ONRESUME
06-03 14:38:39.609   542   630 I AppsFilter: interaction: PackageSetting{fddcfb4 com.sevenkards.app.debug.test/10158} -> PackageSetting{7178eee ru.poryadok5.app/10163} BLOCKED
06-03 14:38:39.609   542   630 I AppsFilter: interaction: PackageSetting{cb08f52 com.roxbox.solpair/10149} -> PackageSetting{7178eee ru.poryadok5.app/10163} BLOCKED
06-03 14:38:39.609   542   630 I AppsFilter: interaction: PackageSetting{e443223 de.wettblick.app/10162} -> PackageSetting{7178eee ru.poryadok5.app/10163} BLOCKED
06-03 14:38:39.609   542   630 I AppsFilter: interaction: PackageSetting{4623320 ru.cisgame.colorquarter.debug/10156} -> PackageSetting{7178eee ru.poryadok5.app/10163} BLOCKED
06-03 14:38:39.609   542   630 I AppsFilter: interaction: PackageSetting{423b4d9 com.casi.casino/10153} -> PackageSetting{7178eee ru.poryadok5.app/10163} BLOCKED
06-03 14:38:39.609   542   630 I AppsFilter: interaction: PackageSetting{d244e9e com.route53.game.debug/10159} -> PackageSetting{7178eee ru.poryadok5.app/10163} BLOCKED
06-03 14:38:39.609   542   630 I AppsFilter: interaction: PackageSetting{49dcd7f com.andrejivliev.marketguide.debug/10148} -> PackageSetting{7178eee ru.poryadok5.app/10163} BLOCKED
06-03 14:38:39.609   542   630 I AppsFilter: interaction: PackageSetting{b07614c com.sevenkards.app.debug/10157} -> PackageSetting{7178eee ru.poryadok5.app/10163} BLOCKED
06-03 14:38:39.609   542   630 I AppsFilter: interaction: PackageSetting{e91c595 com.andrej.cars4096/10151} -> PackageSetting{7178eee ru.poryadok5.app/10163} BLOCKED
06-03 14:38:39.609   542   630 I AppsFilter: interaction: PackageSetting{482b6aa com.mellstory.airlines/10154} -> PackageSetting{7178eee ru.poryadok5.app/10163} BLOCKED
06-03 14:38:39.609   542   630 I AppsFilter: interaction: PackageSetting{cbc29b com.apuestalatam.guia.debug/10160} -> PackageSetting{7178eee ru.poryadok5.app/10163} BLOCKED
06-03 14:38:39.609   542   630 I AppsFilter: interaction: PackageSetting{aef4638 com.apuestalatam.guia.debug.test/10161} -> PackageSetting{7178eee ru.poryadok5.app/10163} BLOCKED
06-03 14:38:39.609   542   630 I AppsFilter: interaction: PackageSetting{6962611 com.sevenk.app/10150} -> PackageSetting{7178eee ru.poryadok5.app/10163} BLOCKED
06-03 14:38:39.611   542   597 V WindowManager: Unknown focus tokens, dropping reportFocusChanged
06-03 14:38:39.611  1209  1209 D BaseDepthController: setSurface:
06-03 14:38:39.611  1209  1209 D BaseDepthController: 	mWaitingOnSurfaceValidity: false
06-03 14:38:39.611  1209  1209 D BaseDepthController: 	mSurface: Surface(name=com.android.launcher3/com.android.launcher3.uioverrides.QuickstepLauncher)/@0x38e7b22
06-03 14:38:39.613   542   630 I ActivityManager: Force stopping ru.poryadok5.app appid=10163 user=0: pkg removed
06-03 14:38:39.613   542   630 I WindowManager:   Force removing ActivityRecord{7711a54 u0 ru.poryadok5.app/.MainActivity t532 f} isExiting}
06-03 14:38:39.613   542   630 W WindowManager: removeAppToken: Attempted to remove non-existing token: Token{c3e6af2 ActivityRecord{7711a54 u0 ru.poryadok5.app/.MainActivity t532 f} isExiting}}
06-03 14:38:39.614   542   630 W IPCThreadState: Sending oneway calls to frozen process.
06-03 14:38:39.614   542   630 W IPCThreadState: Sending oneway calls to frozen process.
06-03 14:38:39.614   542   630 W IPCThreadState: Sending oneway calls to frozen process.
06-03 14:38:39.614   542   630 W IPCThreadState: Sending oneway calls to frozen process.
06-03 14:38:39.614   542   630 W IPCThreadState: Sending oneway calls to frozen process.
06-03 14:38:39.614   542   630 W IPCThreadState: Sending oneway calls to frozen process.
06-03 14:38:39.614   542   630 W IPCThreadState: Sending oneway calls to frozen process.
06-03 14:38:39.614   542   630 W IPCThreadState: Sending oneway calls to frozen process.
06-03 14:38:39.614   542   630 W IPCThreadState: Sending oneway calls to frozen process.
06-03 14:38:39.614   542   630 W IPCThreadState: Sending oneway calls to frozen process.
06-03 14:38:39.614   542   630 W IPCThreadState: Sending oneway calls to frozen process.
06-03 14:38:39.614   542   630 W IPCThreadState: Sending oneway calls to frozen process.
06-03 14:38:39.614   542   630 W IPCThreadState: Sending oneway calls to frozen process.
06-03 14:38:39.614   542   630 W IPCThreadState: Sending oneway calls to frozen process.
06-03 14:38:39.614   542   630 W IPCThreadState: Sending oneway calls to frozen process.
06-03 14:38:39.614   542   630 W IPCThreadState: Sending oneway calls to frozen process.
06-03 14:38:39.614   542   630 W IPCThreadState: Sending oneway calls to frozen process.
06-03 14:38:39.614   542   630 W IPCThreadState: Sending oneway calls to frozen process.
06-03 14:38:39.614   542   630 W IPCThreadState: Sending oneway calls to frozen process.
06-03 14:38:39.615   542   630 W IPCThreadState: Sending oneway calls to frozen process.
06-03 14:38:39.615   542   630 W IPCThreadState: Sending oneway calls to frozen process.
06-03 14:38:39.615   542   630 W IPCThreadState: Sending oneway calls to frozen process.
06-03 14:38:39.615   542   630 W IPCThreadState: Sending oneway calls to frozen process.
06-03 14:38:39.615   542   630 W IPCThreadState: Sending oneway calls to frozen process.
06-03 14:38:39.615   542   630 W IPCThreadState: Sending oneway calls to frozen process.
06-03 14:38:39.615   542   630 W IPCThreadState: Sending oneway calls to frozen process.
06-03 14:38:39.615   542   630 W IPCThreadState: Sending oneway calls to frozen process.
06-03 14:38:39.615   542   630 W IPCThreadState: Sending oneway calls to frozen process.
06-03 14:38:39.619   542   630 W IPCThreadState: Sending oneway calls to frozen process.
06-03 14:38:39.619   542   630 W IPCThreadState: Sending oneway calls to frozen process.
06-03 14:38:39.619   542   630 W IPCThreadState: Sending oneway calls to frozen process.
06-03 14:38:39.619   542   630 W IPCThreadState: Sending oneway calls to frozen process.
06-03 14:38:39.619   542   630 W IPCThreadState: Sending oneway calls to frozen process.
06-03 14:38:39.619   542   630 W IPCThreadState: Sending oneway calls to frozen process.
06-03 14:38:39.619   542   630 W IPCThreadState: Sending oneway calls to frozen process.
06-03 14:38:39.619   542   630 W IPCThreadState: Sending oneway calls to frozen process.
06-03 14:38:39.619   542   630 W IPCThreadState: Sending oneway calls to frozen process.
06-03 14:38:39.619   542   630 W IPCThreadState: Sending oneway calls to frozen process.
06-03 14:38:39.619   542   630 W IPCThreadState: Sending oneway calls to frozen process.
06-03 14:38:39.619   542   630 W IPCThreadState: Sending oneway calls to frozen process.
06-03 14:38:39.619   542   630 W IPCThreadState: Sending oneway calls to frozen process.
06-03 14:38:39.619   542   630 W IPCThreadState: Sending oneway calls to frozen process.
06-03 14:38:39.619   542   630 W IPCThreadState: Sending oneway calls to frozen process.
06-03 14:38:39.619   542   630 W IPCThreadState: Sending oneway calls to frozen process.
06-03 14:38:39.619  1485  1485 D ActivityThread: Package [ru.poryadok5.app] reported as REPLACED, but missing application info. Assuming REMOVED.
06-03 14:38:39.619   542   630 W IPCThreadState: Sending oneway calls to frozen process.
06-03 14:38:39.619   542   630 W IPCThreadState: Sending oneway calls to frozen process.
06-03 14:38:39.619   542   630 W IPCThreadState: Sending oneway calls to frozen process.
06-03 14:38:39.619   542   630 W IPCThreadState: Sending oneway calls to frozen process.
06-03 14:38:39.619   542   630 W IPCThreadState: Sending oneway calls to frozen process.
06-03 14:38:39.619   542   630 W IPCThreadState: Sending oneway calls to frozen process.
06-03 14:38:39.619   542   630 W IPCThreadState: Sending oneway calls to frozen process.
06-03 14:38:39.619   542   630 W IPCThreadState: Sending oneway calls to frozen process.
06-03 14:38:39.619   542   630 W IPCThreadState: Sending oneway calls to frozen process.
06-03 14:38:39.619  1266  1266 D ActivityThread: Package [ru.poryadok5.app] reported as REPLACED, but missing application info. Assuming REMOVED.
06-03 14:38:39.619   542   630 W IPCThreadState: Sending oneway calls to frozen process.
06-03 14:38:39.619   542   630 W IPCThreadState: Sending oneway calls to frozen process.
06-03 14:38:39.619   542   630 W IPCThreadState: Sending oneway calls to frozen process.
06-03 14:38:39.619   940   940 D ActivityThread: Package [ru.poryadok5.app] reported as REPLACED, but missing application info. Assuming REMOVED.
06-03 14:38:39.619   806   806 D ActivityThread: Package [ru.poryadok5.app] reported as REPLACED, but missing application info. Assuming REMOVED.
06-03 14:38:39.619   542   542 D ActivityThread: Package [ru.poryadok5.app] reported as REPLACED, but missing application info. Assuming REMOVED.
06-03 14:38:39.619   542   630 D PackageInstallerSession: Marking session 1611659969 as applied
06-03 14:38:39.619  1285  1285 D ActivityThread: Package [ru.poryadok5.app] reported as REPLACED, but missing application info. Assuming REMOVED.
06-03 14:38:39.619  1327  1327 D ActivityThread: Package [ru.poryadok5.app] reported as REPLACED, but missing application info. Assuming REMOVED.
06-03 14:38:39.620  1340  1340 D ActivityThread: Package [ru.poryadok5.app] reported as REPLACED, but missing application info. Assuming REMOVED.
06-03 14:38:39.620   542   695 W PackageConfigPersister: App-specific configuration not found for packageName: ru.poryadok5.app and userId: 0
06-03 14:38:39.621   542   604 W MagnificationConnectionManager: requestConnection duplicated request: connect=false, mConnectionState=DISCONNECTED
06-03 14:38:39.621   542   542 W IPCThreadState: Sending oneway calls to frozen process.
06-03 14:38:39.621   542   542 W IPCThreadState: Sending oneway calls to frozen process.
06-03 14:38:39.621   542   542 W IPCThreadState: Sending oneway calls to frozen process.
06-03 14:38:39.622   542   604 W MagnificationConnectionManager: requestConnection duplicated request: connect=false, mConnectionState=DISCONNECTED
06-03 14:38:39.622   542   542 W IPCThreadState: Sending oneway calls to frozen process.
06-03 14:38:39.622   542   542 W IPCThreadState: Sending oneway calls to frozen process.
06-03 14:38:39.622   542   542 W IPCThreadState: Sending oneway calls to frozen process.
06-03 14:38:39.623   542   604 W VoiceInteractionManager: no available voice recognition services found for user 0
06-03 14:38:39.625  1164  1164 D ActivityThread: Package [ru.poryadok5.app] reported as REPLACED, but missing application info. Assuming REMOVED.
06-03 14:38:39.625   542   598 W ActivityTaskManager: Unable to send transaction to client proc ru.poryadok5.app: no app thread
06-03 14:38:39.626  1209  1209 I TopTaskTracker: onTaskMovedToFront: (moved taskInfo to front) taskId=531, baseIntent=Intent { act=android.intent.action.MAIN cat=[android.intent.category.HOME] flg=0x10000100 cmp=com.android.launcher3/.uioverrides.QuickstepLauncher }
06-03 14:38:39.626  1209  1209 D ActivityThread: Package [ru.poryadok5.app] reported as REPLACED, but missing application info. Assuming REMOVED.
06-03 14:38:39.626  1209  1233 D PackageUpdatedTask: Package updated: mOp=UPDATE packages=[ru.poryadok5.app]
06-03 14:38:39.626   899   899 D ActivityThread: Package [ru.poryadok5.app] reported as REPLACED, but missing application info. Assuming REMOVED.
06-03 14:38:39.629   542   746 I AppWidgetServiceImpl: Received broadcast: android.intent.action.PACKAGE_REMOVED on user 0
06-03 14:38:39.629   542   746 I AppWidgetServiceImpl: Received broadcast: android.intent.action.PACKAGE_ADDED on user 0
06-03 14:38:39.630   542   767 D ShortcutService: received package broadcast intent: Intent { act=android.intent.action.PACKAGE_REMOVED dat=package: flg=0x4000010 (has extras) }
06-03 14:38:39.630   873   873 D ActivityThread: Package [ru.poryadok5.app] reported as REPLACED, but missing application info. Assuming REMOVED.
06-03 14:38:39.630   542   639 E AtomicFile: Failed to rename /data/system/install_sessions.xml.new to /data/system/install_sessions.xml
06-03 14:38:39.630   542   767 D ShortcutService: received package broadcast intent: Intent { act=android.intent.action.PACKAGE_ADDED dat=package: flg=0x4000010 (has extras) }
06-03 14:38:39.631   806  1353 V WindowManagerShell: onTransitionReady(transaction=2327872274830)
06-03 14:38:39.631   399  1199 D PermissionCache: checking android.permission.READ_FRAME_BUFFER for uid=1000 => granted (833 us)
06-03 14:38:39.631   542   776 I SdkSandboxManager: No SDKs used. Skipping SDK data reconcilation for CallingInfo{mUid=10163, mPackageName='ru.poryadok5.app, mAppProcessToken='null'}
06-03 14:38:39.631   542   776 I SdkSandboxManager: No SDKs used. Skipping SDK data reconcilation for CallingInfo{mUid=10163, mPackageName='ru.poryadok5.app, mAppProcessToken='null'}
06-03 14:38:39.632   542   767 D ShortcutService: replacing package: ru.poryadok5.app userId0
06-03 14:38:39.632   542   767 D ShortcutService: handlePackageUpdateFinished: ru.poryadok5.app user=0
06-03 14:38:39.632   542   767 D ShortcutService: rescanPackageIfNeeded 0@ru.poryadok5.app, forceRescan=true , isNewApp=true
06-03 14:38:39.632   806   844 V WindowManagerShell: onTransitionReady (#5) android.os.BinderProxy@7d921e4: {id=5 t=CLOSE f=0x0 trk=0 r=[0@Point(0, 0)] c=[{WCT{android.window.IWindowContainerToken$Stub$Proxy@274c97c} m=TO_FRONT f=SHOW_WALLPAPER|MOVE_TO_TOP leash=Surface(name=Task=1)/@0x6f87850 sb=Rect(0, 0 - 1080, 2400) eb=Rect(0, 0 - 1080, 2400) d=0 taskParent=-1},{WCT{android.window.IWindowContainerToken$Stub$Proxy@305c205} m=CLOSE f=NONE leash=Surface(name=Task=532)/@0xa53ca49 sb=Rect(0, 0 - 1080, 2400) eb=Rect(0, 0 - 1080, 2400) d=0 taskParent=-1},{null m=TO_FRONT f=IS_WALLPAPER leash=Surface(name=WallpaperWindowToken{1664939 token=android.os.Binder@73add00})/@0xac58f4e sb=Rect(0, 0 - 1080, 2400) eb=Rect(0, 0 - 1080, 2400) d=0}]}
06-03 14:38:39.633   542   767 D ShortcutService: Package ru.poryadok5.app has 0 manifest shortcut(s), and 0 share target(s)
06-03 14:38:39.633   806   844 V WindowManagerShell: Playing animation for (#5) android.os.BinderProxy@7d921e4@0
06-03 14:38:39.633   806   844 V WindowManagerShell:  try handler com.android.wm.shell.transition.DefaultMixedHandler@39fde4b
06-03 14:38:39.633   806   844 V WindowManagerShell:  try handler com.android.wm.shell.keyguard.KeyguardTransitionHandler@9ceb028
06-03 14:38:39.633   806   844 V WindowManagerShell:  try handler com.android.wm.shell.pip.PipTransition@d9d6141
06-03 14:38:39.633   806   844 V WindowManagerShell:  try handler com.android.wm.shell.activityembedding.ActivityEmbeddingController@8ea66e6
06-03 14:38:39.633   806   844 V WindowManagerShell:  try handler com.android.wm.shell.recents.RecentsTransitionHandler@30c1427
06-03 14:38:39.633   806   844 V ShellRecents: RecentsTransitionHandler.startAnimation: no controller found
06-03 14:38:39.633   806   844 V WindowManagerShell:  try handler com.android.wm.shell.splitscreen.StageCoordinator@772a6d4
06-03 14:38:39.633   806   844 V WindowManagerShell:  try handler com.android.wm.shell.transition.RemoteTransitionHandler@69dd07d
06-03 14:38:39.633   806   844 V WindowManagerShell: Transition doesn't have explicit remote, search filters for match for {id=5 t=CLOSE f=0x0 trk=0 r=[0@Point(0, 0)] c=[{WCT{android.window.IWindowContainerToken$Stub$Proxy@274c97c} m=TO_FRONT f=SHOW_WALLPAPER|MOVE_TO_TOP leash=Surface(name=Task=1)/@0x6f87850 sb=Rect(0, 0 - 1080, 2400) eb=Rect(0, 0 - 1080, 2400) d=0 taskParent=-1},{WCT{android.window.IWindowContainerToken$Stub$Proxy@305c205} m=CLOSE f=NONE leash=Surface(name=Task=532)/@0xa53ca49 sb=Rect(0, 0 - 1080, 2400) eb=Rect(0, 0 - 1080, 2400) d=0 taskParent=-1},{null m=TO_FRONT f=IS_WALLPAPER leash=Surface(name=WallpaperWindowToken{1664939 token=android.os.Binder@73add00})/@0xac58f4e sb=Rect(0, 0 - 1080, 2400) eb=Rect(0, 0 - 1080, 2400) d=0}]}
06-03 14:38:39.633   806   844 V WindowManagerShell:  Checking filter Pair{{types=[] flags=0x0] notFlags=0x100 checks=[{atype=home independent=true modes=[OPEN,TO_FRONT] flags=NONE mustBeTask=false order=TOP topActivity=ComponentInfo{com.android.launcher3/com.android.launcher3.uioverrides.QuickstepLauncher} launchCookie=null},{atype=standard independent=true modes=[CLOSE,TO_BACK] flags=NONE mustBeTask=false order=ANY topActivity=null launchCookie=null}]} RemoteTransition { remoteTransition = android.window.IRemoteTransition$Stub$Proxy@4660b72, appThread = android.app.IApplicationThread$Stub$Proxy@31bcbc3, debugName = QuickstepLaunchHome }}
06-03 14:38:39.633   806   844 D RemoteTransitionHandler: Found filterPair{{types=[] flags=0x0] notFlags=0x100 checks=[{atype=home independent=true modes=[OPEN,TO_FRONT] flags=NONE mustBeTask=false order=TOP topActivity=ComponentInfo{com.android.launcher3/com.android.launcher3.uioverrides.QuickstepLauncher} launchCookie=null},{atype=standard independent=true modes=[CLOSE,TO_BACK] flags=NONE mustBeTask=false order=ANY topActivity=null launchCookie=null}]} RemoteTransition { remoteTransition = android.window.IRemoteTransition$Stub$Proxy@4660b72, appThread = android.app.IApplicationThread$Stub$Proxy@31bcbc3, debugName = QuickstepLaunchHome }}
06-03 14:38:39.633   806   844 V WindowManagerShell:  Delegate animation for (#5) to RemoteTransition { remoteTransition = android.window.IRemoteTransition$Stub$Proxy@4660b72, appThread = android.app.IApplicationThread$Stub$Proxy@31bcbc3, debugName = QuickstepLaunchHome }
06-03 14:38:39.637   940   940 E SmsApplication: com.android.messaging lost android:receive_wap_push:  (fixing)
06-03 14:38:39.637   542  1210 W AppOpService: Ignored setUidMode call for runtime permission app op: uid = 10108, code = RECEIVE_WAP_PUSH, mode = allow, callingUid = 1001, oldMode = allow
06-03 14:38:39.638   940   940 E SmsApplication: com.android.messaging lost android:read_cell_broadcasts:  (fixing)
06-03 14:38:39.638   542  1210 W AppOpService: Ignored setUidMode call for runtime permission app op: uid = 10108, code = READ_CELL_BROADCASTS, mode = allow, callingUid = 1001, oldMode = allow
06-03 14:38:39.639   542   605 D ActivityManager: sync unfroze 1024 com.android.permissioncontroller for 3
06-03 14:38:39.640  1024  1024 D ActivityThread: Package [ru.poryadok5.app] reported as REPLACED, but missing application info. Assuming REMOVED.
06-03 14:38:39.640   542   542 D ActivityManager: sync unfroze 955 com.android.settings for 10
06-03 14:38:39.640   542   542 D ActivityManager: sync unfroze 1431 com.android.keychain for 10
06-03 14:38:39.641   399   399 I BpBinder: onLastStrongRef automatically unlinking death recipients: 
06-03 14:38:39.642   542   594 V WindowManager: Sent Transition (#5) createdAt=06-03 14:38:39.561 via request=TransitionRequestInfo { type = CLOSE, triggerTask = TaskInfo{userId=0 taskId=532 displayId=0 isRunning=false baseIntent=Intent { flg=0x10000000 cmp=ru.poryadok5.app/.MainActivity } baseActivity=null topActivity=null origActivity=null realActivity=ComponentInfo{ru.poryadok5.app/ru.poryadok5.app.MainActivity} numActivities=0 lastActiveTime=26739 supportsMultiWindow=true resizeMode=1 isResizeable=true minWidth=-1 minHeight=-1 defaultMinSize=220 token=WCT{RemoteToken{f31a9a1 Task{225fdfd #532 type=standard A=10163:ru.poryadok5.app}}} topActivityType=1 pictureInPictureParams=null shouldDockBigOverlays=false launchIntoPipHostTaskId=-1 lastParentTaskIdBeforePip=-1 displayCutoutSafeInsets=null topActivityInfo=null launchCookies=[] positionInParent=Point(0, 0) parentTaskId=-1 isFocused=true isVisible=true isVisibleRequested=true isSleeping=false locusId=null displayAreaFeatureId=1 isTopActivityTransparent=false appCompatTaskInfo=AppCompatTaskInfo { topActivityInSizeCompat=false topActivityEligibleForLetterboxEducation= falseisLetterboxEducationEnabled= false isLetterboxDoubleTapEnabled= false topActivityEligibleForUserAspectRatioButton= false topActivityBoundsLetterboxed= false isFromLetterboxDoubleTap= false topActivityLetterboxVerticalPosition= -1 topActivityLetterboxHorizontalPosition= -1 topActivityLetterboxWidth=-1 topActivityLetterboxHeight=-1 isUserFullscreenOverrideEnabled=false isSystemFullscreenOverrideEnabled=false cameraCompatTaskInfo=CameraCompatTaskInfo { cameraCompatControlState=hidden freeformCameraCompatMode=inactive}}}, pipTask = null, remoteTransition = null, displayChange = null, flags = 0, debugId = 5 }
06-03 14:38:39.642   542   594 V WindowManager:     startWCT=WindowContainerTransaction { changes = {} hops = [] errorCallbackToken=null taskFragmentOrganizer=null }
06-03 14:38:39.642   542   594 V WindowManager:     info={id=5 t=CLOSE f=0x0 trk=0 r=[0@Point(0, 0)] c=[
06-03 14:38:39.642   542   594 V WindowManager:         {WCT{RemoteToken{9278387 Task{3172e27 #1 type=home}}} m=TO_FRONT f=SHOW_WALLPAPER|MOVE_TO_TOP leash=Surface(name=Task=1)/@0xe2f5fa sb=Rect(0, 0 - 1080, 2400) eb=Rect(0, 0 - 1080, 2400) d=0 taskParent=-1},
06-03 14:38:39.642   542   594 V WindowManager:         {WCT{RemoteToken{f31a9a1 Task{225fdfd #532 type=standard A=10163:ru.poryadok5.app}}} m=CLOSE f=NONE leash=Surface(name=Task=532)/@0xf117ab sb=Rect(0, 0 - 1080, 2400) eb=Rect(0, 0 - 1080, 2400) d=0 taskParent=-1},
06-03 14:38:39.642   542   594 V WindowManager:         {null m=TO_FRONT f=IS_WALLPAPER leash=Surface(name=WallpaperWindowToken{1664939 token=android.os.Binder@73add00})/@0x4386726 sb=Rect(0, 0 - 1080, 2400) eb=Rect(0, 0 - 1080, 2400) d=0}
06-03 14:38:39.642   542   594 V WindowManager:     ]}
06-03 14:38:39.646   806   844 V WindowManagerShell:  animated by com.android.wm.shell.transition.RemoteTransitionHandler@69dd07d
06-03 14:38:39.647   542   729 E AppOps  : attributionTag VCN not declared in manifest of android
06-03 14:38:39.647   542  2139 W UserManagerService: Requested status bar icon for non-badged user 0
06-03 14:38:39.648   955   955 D ActivityThread: Package [ru.poryadok5.app] reported as REPLACED, but missing application info. Assuming REMOVED.
06-03 14:38:39.650  1431  1431 D ActivityThread: Package [ru.poryadok5.app] reported as REPLACED, but missing application info. Assuming REMOVED.
06-03 14:38:39.651   542   542 D ActivityManager: sync unfroze 1774 com.android.localtransport for 10
06-03 14:38:39.652   542   542 D ActivityManager: sync unfroze 1590 com.android.dynsystem:dynsystem for 10
06-03 14:38:39.652   940   940 E CellBroadcastUtils: getDefaultCellBroadcastReceiverPackageName: no package found
06-03 14:38:39.652   542   542 D ActivityManager: sync unfroze 1574 com.android.dynsystem for 10
06-03 14:38:39.652   542   561 W AppOpService: Ignored setUidMode call for runtime permission app op: uid = 1001, code = READ_SMS, mode = allow, callingUid = 1001, oldMode = allow
06-03 14:38:39.652   542   561 W AppOpService: Ignored setUidMode call for runtime permission app op: uid = 1001, code = RECEIVE_SMS, mode = allow, callingUid = 1001, oldMode = allow
06-03 14:38:39.653  1774  1774 D ActivityThread: Package [ru.poryadok5.app] reported as REPLACED, but missing application info. Assuming REMOVED.
06-03 14:38:39.653   542   561 W AppOpService: Ignored setUidMode call for runtime permission app op: uid = 1001, code = RECEIVE_WAP_PUSH, mode = allow, callingUid = 1001, oldMode = allow
06-03 14:38:39.653   542   561 W AppOpService: Ignored setUidMode call for runtime permission app op: uid = 1001, code = SEND_SMS, mode = allow, callingUid = 1001, oldMode = allow
06-03 14:38:39.653   542   561 W AppOpService: Ignored setUidMode call for runtime permission app op: uid = 1001, code = READ_CELL_BROADCASTS, mode = allow, callingUid = 1001, oldMode = allow
06-03 14:38:39.653   940   940 D CarrierSvcBindHelper: onPackageUpdateFinished: ru.poryadok5.app
06-03 14:38:39.654  1209  1209 D StateManager: createAtomicAnimation - fromState: Background, toState: Normal, partial trace:
06-03 14:38:39.654  1209  1209 D StateManager: 	at com.android.quickstep.util.WorkspaceRevealAnim.prepareToAnimate(WorkspaceRevealAnim.java:130)
06-03 14:38:39.654  1209  1209 D StateManager: 	at com.android.quickstep.util.WorkspaceRevealAnim.<init>(WorkspaceRevealAnim.java:66)
06-03 14:38:39.654  1209  1209 D StateManager: 	at com.android.launcher3.QuickstepTransitionManager.createWallpaperOpenAnimations(QuickstepTransitionManager.java:1716)
06-03 14:38:39.655   940   940 D CarrierSvcBindHelper: No carrier app for: 0
06-03 14:38:39.655   940   940 D CarrierSvcBindHelper: onPackageModified: ru.poryadok5.app
06-03 14:38:39.655   940   940 D CarrierSvcBindHelper: No carrier app for: 0
06-03 14:38:39.655   940   940 E SmsApplication: com.android.messaging lost android:receive_wap_push:  (fixing)
06-03 14:38:39.656   542   641 W AppOpService: Ignored setUidMode call for runtime permission app op: uid = 10108, code = RECEIVE_WAP_PUSH, mode = allow, callingUid = 1001, oldMode = allow
06-03 14:38:39.656   940   940 E SmsApplication: com.android.messaging lost android:read_cell_broadcasts:  (fixing)
06-03 14:38:39.656   542  2139 W AppOpService: Ignored setUidMode call for runtime permission app op: uid = 10108, code = READ_CELL_BROADCASTS, mode = allow, callingUid = 1001, oldMode = allow
06-03 14:38:39.656  1574  1574 D ActivityThread: Package [ru.poryadok5.app] reported as REPLACED, but missing application info. Assuming REMOVED.
06-03 14:38:39.659   940   940 E CellBroadcastUtils: getDefaultCellBroadcastReceiverPackageName: no package found
06-03 14:38:39.659   542   561 W AppOpService: Ignored setUidMode call for runtime permission app op: uid = 1001, code = READ_SMS, mode = allow, callingUid = 1001, oldMode = allow
06-03 14:38:39.660   542   641 W AppOpService: Ignored setUidMode call for runtime permission app op: uid = 1001, code = RECEIVE_SMS, mode = allow, callingUid = 1001, oldMode = allow
06-03 14:38:39.660   542   641 W AppOpService: Ignored setUidMode call for runtime permission app op: uid = 1001, code = RECEIVE_WAP_PUSH, mode = allow, callingUid = 1001, oldMode = allow
06-03 14:38:39.660   542   641 W AppOpService: Ignored setUidMode call for runtime permission app op: uid = 1001, code = SEND_SMS, mode = allow, callingUid = 1001, oldMode = allow
06-03 14:38:39.660   542   641 W AppOpService: Ignored setUidMode call for runtime permission app op: uid = 1001, code = READ_CELL_BROADCASTS, mode = allow, callingUid = 1001, oldMode = allow
06-03 14:38:39.660   940   940 E SmsApplication: com.android.messaging lost android:receive_wap_push:  (fixing)
06-03 14:38:39.660   542   561 W AppOpService: Ignored setUidMode call for runtime permission app op: uid = 10108, code = RECEIVE_WAP_PUSH, mode = allow, callingUid = 1001, oldMode = allow
06-03 14:38:39.660   940   940 E SmsApplication: com.android.messaging lost android:read_cell_broadcasts:  (fixing)
06-03 14:38:39.660   542   561 W AppOpService: Ignored setUidMode call for runtime permission app op: uid = 10108, code = READ_CELL_BROADCASTS, mode = allow, callingUid = 1001, oldMode = allow
06-03 14:38:39.662  1024  1024 I SafetyLabelChangedBroadcastReceiver: received broadcast packageName: ru.poryadok5.app, current user: UserHandle{0}, packageChangeEvent: UPDATE, intent user: UserHandle{0}
06-03 14:38:39.662  1590  1590 D ActivityThread: Package [ru.poryadok5.app] reported as REPLACED, but missing application info. Assuming REMOVED.
06-03 14:38:39.662   542   729 E AppOps  : attributionTag VCN not declared in manifest of android
06-03 14:38:39.665   806   996 D EGL_emulation: app_time_stats: avg=23619.91ms min=23619.91ms max=23619.91ms count=1
06-03 14:38:39.665   542   542 I Telecom : CarModeTracker: Package ru.poryadok5.app is not tracked.: SSH.oR@AFY🔒
06-03 14:38:39.665   542   542 I Telecom : InCallController: updateCarModeForConnections: car mode apps: : SSH.oR@AFY🔒
06-03 14:38:39.665   542   542 I Telecom : InCallController: update carmode current:UserHandle{0} parent:null: SSH.oR@AFY🔒
06-03 14:38:39.668   940   940 E CellBroadcastUtils: getDefaultCellBroadcastReceiverPackageName: no package found
06-03 14:38:39.668   542   561 W AppOpService: Ignored setUidMode call for runtime permission app op: uid = 1001, code = READ_SMS, mode = allow, callingUid = 1001, oldMode = allow
06-03 14:38:39.668   542   561 W AppOpService: Ignored setUidMode call for runtime permission app op: uid = 1001, code = RECEIVE_SMS, mode = allow, callingUid = 1001, oldMode = allow
06-03 14:38:39.698   542   557 I system_server: Background concurrent mark compact GC freed 4345KB AllocSpace bytes, 9(180KB) LOS objects, 49% free, 19MB/38MB, paused 1.491ms,6.078ms total 82.781ms
06-03 14:38:39.699   542   559 W system_server: ApkAssets: Deleting an ApkAssets object '<empty> and /data/app/~~uTvNscdi6rkBkCuvpB0k8A==/ru.poryadok5.app-sAnjtLove5cIStgIiE1D3w==/base.apk' with 1 weak references
06-03 14:38:39.699   542   559 W system_server: ApkAssets: Deleting an ApkAssets object '<empty> and /system_ext/app/AccessibilityMenu/AccessibilityMenu.apk' with 1 weak references
06-03 14:38:39.699   542   559 W system_server: ApkAssets: Deleting an ApkAssets object '<empty> and /product/app/LatinIME/LatinIME.apk' with 1 weak references
06-03 14:38:39.699   542   559 W system_server: ApkAssets: Deleting an ApkAssets object '<empty> and /system/priv-app/InputDevices/InputDevices.apk' with 1 weak references
06-03 14:38:39.702   542  1838 W AppOpService: Ignored setUidMode call for runtime permission app op: uid = 1001, code = RECEIVE_WAP_PUSH, mode = allow, callingUid = 1001, oldMode = allow
06-03 14:38:39.702   542  1838 W AppOpService: Ignored setUidMode call for runtime permission app op: uid = 1001, code = SEND_SMS, mode = allow, callingUid = 1001, oldMode = allow
06-03 14:38:39.702   542  1838 W AppOpService: Ignored setUidMode call for runtime permission app op: uid = 1001, code = READ_CELL_BROADCASTS, mode = allow, callingUid = 1001, oldMode = allow
06-03 14:38:39.703   542   596 I DropBoxManagerService: add tag=system_server_strictmode isTagEnabled=true flags=0x2
06-03 14:38:39.708   940  1070 D ImsResolver: maybeAddedImsService, packageName: ru.poryadok5.app
06-03 14:38:39.708   542   729 E AppOps  : attributionTag VCN not declared in manifest of android
06-03 14:38:39.710  1024  2145 I PermissionControllerServiceImpl: Updating user sensitive for uid 10163
06-03 14:38:39.713   806   816 W ndroid.systemui: ApkAssets: Deleting an ApkAssets object '<empty> and /data/app/~~uTvNscdi6rkBkCuvpB0k8A==/ru.poryadok5.app-sAnjtLove5cIStgIiE1D3w==/base.apk' with 1 weak references
06-03 14:38:39.720   542   542 W AlarmManager: Package ru.poryadok5.app, uid 10163 lost permission to set exact alarms!
06-03 14:38:39.721   542  1142 D IntervalStats: Unable to parse usage stats packages: [174, 177]
06-03 14:38:39.721   542  1142 D IntervalStats: Unable to parse usage stats packages: [177]
06-03 14:38:39.722   542  1142 D IntervalStats: Unable to parse usage stats packages: [187, 188, 189, 190, 192, 193]
06-03 14:38:39.776  1209  1209 D StatsLog: LAUNCHER_ALLAPPS_COUNT
06-03 14:38:39.776  1209  1412 D EGL_emulation: app_time_stats: avg=6764.41ms min=1.97ms max=236484.64ms count=35
06-03 14:38:39.802   542   688 I ImeTracker: com.android.launcher3:149507c9: onRequestHide at ORIGIN_SERVER reason HIDE_UNSPECIFIED_WINDOW fromUser false
06-03 14:38:39.803   542   688 I ImeTracker: com.android.launcher3:149507c9: onCancelled at PHASE_SERVER_SHOULD_HIDE
06-03 14:38:39.809   542   598 W ActivityTaskManager: Unable to send transaction to client proc ru.poryadok5.app: no app thread
06-03 14:38:40.011   806   844 V WindowManagerShell: Transition animation finished (aborted=false), notifying core (#5) android.os.BinderProxy@7d921e4@0
06-03 14:38:40.012   542   594 V WindowManager: Finish Transition (#5): created at 06-03 14:38:39.561 collect-started=0.032ms request-sent=0.108ms started=42.885ms ready=42.875ms sent=67.926ms finished=450.679ms
06-03 14:38:40.012   542   561 E IPCThreadState: Binder transaction failure. id: 74291, BR_*: 29189, error: -22 (Invalid argument)
06-03 14:38:40.012   542   561 W ActivityManager: pid 542 system sent binder code 7 with flags 1 to frozen apps and got error -32
06-03 14:38:40.013   542   561 W WindowManager: Exception thrown during dispatchAppVisibility Window{2acf95a u0 ru.poryadok5.app/ru.poryadok5.app.MainActivity EXITING}
06-03 14:38:40.013   542   561 W WindowManager: android.os.DeadObjectException
06-03 14:38:40.013   542   561 W WindowManager: 	at android.os.BinderProxy.transactNative(Native Method)
06-03 14:38:40.013   542   561 W WindowManager: 	at android.os.BinderProxy.transact(BinderProxy.java:586)
06-03 14:38:40.013   542   561 W WindowManager: 	at android.view.IWindow$Stub$Proxy.dispatchAppVisibility(IWindow.java:553)
06-03 14:38:40.013   542   561 W WindowManager: 	at com.android.server.wm.WindowState.sendAppVisibilityToClients(WindowState.java:3253)
06-03 14:38:40.013   542   561 W WindowManager: 	at com.android.server.wm.WindowContainer.sendAppVisibilityToClients(WindowContainer.java:1289)
06-03 14:38:40.013   542   561 W WindowManager: 	at com.android.server.wm.WindowToken.setClientVisible(WindowToken.java:403)
06-03 14:38:40.013   542   561 W WindowManager: 	at com.android.server.wm.ActivityRecord.setClientVisible(ActivityRecord.java:7166)
06-03 14:38:40.013   542   561 W WindowManager: 	at com.android.server.wm.ActivityRecord.postApplyAnimation(ActivityRecord.java:5881)
06-03 14:38:40.013   542   561 W WindowManager: 	at com.android.server.wm.ActivityRecord.commitVisibility(ActivityRecord.java:5823)
06-03 14:38:40.013   542   561 W WindowManager: 	at com.android.server.wm.Transition.finishTransition(Transition.java:1286)
06-03 14:38:40.013   542   561 W WindowManager: 	at com.android.server.wm.TransitionController.finishTransition(TransitionController.java:937)
06-03 14:38:40.013   542   561 W WindowManager: 	at com.android.server.wm.WindowOrganizerController.finishTransition(WindowOrganizerController.java:494)
06-03 14:38:40.013   542   561 W WindowManager: 	at android.window.IWindowOrganizerController$Stub.onTransact(IWindowOrganizerController.java:289)
06-03 14:38:40.013   542   561 W WindowManager: 	at com.android.server.wm.WindowOrganizerController.onTransact(WindowOrganizerController.java:204)
06-03 14:38:40.013   542   561 W WindowManager: 	at android.os.Binder.execTransactInternal(Binder.java:1500)
06-03 14:38:40.013   542   561 W WindowManager: 	at android.os.Binder.execTransact(Binder.java:1444)
06-03 14:38:40.013   542   561 W Process : Unable to open /proc/1881/status
06-03 14:38:40.015   806   844 V WindowManagerShell: Track 0 became idle
06-03 14:38:40.015   806   844 V WindowManagerShell: All active transition animations finished
06-03 14:38:40.016   542   561 W UserManagerService: Requested status bar icon for non-badged user 0
06-03 14:38:40.016   542  2155 W UserManagerService: Requested status bar icon for non-badged user 0
06-03 14:38:40.026  1209  1209 I TopTaskTracker: onTaskRemoved: taskId=532
06-03 14:38:40.026  1209  1209 I TopTaskTracker: onTaskRemoved: taskId=532
06-03 14:38:40.028   542  2156 I EGL_emulation: Opening libGLESv1_CM_emulation.so
06-03 14:38:40.029   542  2156 I EGL_emulation: Opening libGLESv2_emulation.so
06-03 14:38:40.031   542  2156 W HWUI    : Failed to choose config with EGL_SWAP_BEHAVIOR_PRESERVED, retrying without...
06-03 14:38:40.031   542  2156 W HWUI    : Failed to initialize 101010-2 format, error = EGL_SUCCESS
06-03 14:38:40.032   542   561 W BestClock: java.time.DateTimeException: Missing network time fix
06-03 14:38:40.032   542   561 W BestClock: java.time.DateTimeException: Missing network time fix
06-03 14:38:40.033   542   561 W BestClock: java.time.DateTimeException: Missing network time fix
06-03 14:38:40.058   399   399 E BpTransactionCompletedListener: Failed to transact (-32)
06-03 14:38:40.118   806   806 D ControlsListingControllerImpl: ServiceConfig reloaded, count: 0
06-03 14:38:40.118  1327  1327 W MediaProvider: WorkProfileOwnerApps cache is empty
06-03 14:38:40.118  1327  1327 D PickerSyncLockManager: Trying to acquire lock com.android.providers.media.photopicker.sync.CloseableReentrantLock@ca72678[Unlocked]. Lock Name = CLOUD_PROVIDER_LOCK. Threads that may be waiting to acquire this lock = []
06-03 14:38:40.118  1327  1327 D CloseableReentrantLock: Successfully acquired lock com.android.providers.media.photopicker.sync.CloseableReentrantLock@ca72678[Locked by thread main]. Lock Name = CLOUD_PROVIDER_LOCK. Threads that may be waiting to acquire this lock = []
06-03 14:38:40.118  1327  1327 D CloseableReentrantLock: Successfully released lock com.android.providers.media.photopicker.sync.CloseableReentrantLock@ca72678[Unlocked]. Lock Name = CLOUD_PROVIDER_LOCK. Threads that may be waiting to acquire this lock = []
06-03 14:38:40.119   806   806 D ControlsListingControllerImpl: ServiceConfig reloaded, count: 0
06-03 14:38:40.119   806   806 D ControlsListingControllerImpl: ServiceConfig reloaded, count: 0
06-03 14:38:41.037   542   562 W BestClock: java.time.DateTimeException: Missing network time fix
06-03 14:38:41.038   542   562 W BestClock: java.time.DateTimeException: Missing network time fix
06-03 14:38:41.039   542   562 W BestClock: java.time.DateTimeException: Missing network time fix
06-03 14:38:42.043   542   562 W BestClock: java.time.DateTimeException: Missing network time fix
06-03 14:38:42.043   542   562 W BestClock: java.time.DateTimeException: Missing network time fix
06-03 14:38:42.044   542   562 W BestClock: java.time.DateTimeException: Missing network time fix
06-03 14:38:43.031   542  1366 E TaskPersister: File error accessing recents directory (directory doesn't exist?).
06-03 14:38:43.047   542   562 W BestClock: java.time.DateTimeException: Missing network time fix
06-03 14:38:43.048   542   562 W BestClock: java.time.DateTimeException: Missing network time fix
06-03 14:38:43.049   542   562 W BestClock: java.time.DateTimeException: Missing network time fix
06-03 14:38:44.055   542   562 W BestClock: java.time.DateTimeException: Missing network time fix
06-03 14:38:44.055   542   562 W BestClock: java.time.DateTimeException: Missing network time fix
06-03 14:38:44.056   542   562 W BestClock: java.time.DateTimeException: Missing network time fix
06-03 14:38:45.061   542   562 W BestClock: java.time.DateTimeException: Missing network time fix
06-03 14:38:45.061   542   562 W BestClock: java.time.DateTimeException: Missing network time fix
06-03 14:38:45.062   542   562 W BestClock: java.time.DateTimeException: Missing network time fix
06-03 14:38:46.064   542  1097 W BestClock: java.time.DateTimeException: Missing network time fix
06-03 14:38:46.064   542  1097 W BestClock: java.time.DateTimeException: Missing network time fix
06-03 14:38:46.065   542  1097 W BestClock: java.time.DateTimeException: Missing network time fix
06-03 14:38:47.071   542  1097 W BestClock: java.time.DateTimeException: Missing network time fix
06-03 14:38:47.071   542  1097 W BestClock: java.time.DateTimeException: Missing network time fix
06-03 14:38:47.072   542  1097 W BestClock: java.time.DateTimeException: Missing network time fix
06-03 14:38:48.074   542  1097 W BestClock: java.time.DateTimeException: Missing network time fix
06-03 14:38:48.075   542  1097 W BestClock: java.time.DateTimeException: Missing network time fix
06-03 14:38:48.075   542  1097 W BestClock: java.time.DateTimeException: Missing network time fix
06-03 14:38:49.083   542  1097 W BestClock: java.time.DateTimeException: Missing network time fix
06-03 14:38:49.083   542  1097 W BestClock: java.time.DateTimeException: Missing network time fix
06-03 14:38:49.083   542   562 W BestClock: java.time.DateTimeException: Missing network time fix
06-03 14:38:49.640   542   669 D ActivityManager: freezing 1164 android.process.acore
06-03 14:38:49.641   542   669 D ActivityManager: freezing 1485 android.process.media
06-03 14:38:49.726   542   789 D OomAdjuster: Not killing cached processes
06-03 14:38:49.751   355   450 I netd    : tetherGetStats() -> {[]} <0.44ms>
06-03 14:38:50.087   542   562 W BestClock: java.time.DateTimeException: Missing network time fix
06-03 14:38:50.089   542   562 W BestClock: java.time.DateTimeException: Missing network time fix
06-03 14:38:50.090   542   562 W BestClock: java.time.DateTimeException: Missing network time fix
06-03 14:38:50.279  1209  1209 E FrameTracker: force finish cuj, time out: J<LAUNCHER_APP_CLOSE_TO_HOME_FALLBACK>
06-03 14:38:50.280  1209  1209 W FrameTracker: Missed App frame:UNKNOWN: 88, 8133, 0, CUJ=J<LAUNCHER_APP_CLOSE_TO_HOME_FALLBACK>
06-03 14:38:50.280  1209  1209 W FrameTracker: Missed SF frame:UNKNOWN: 88, 8133, 0, CUJ=J<LAUNCHER_APP_CLOSE_TO_HOME_FALLBACK>
06-03 14:38:50.280  1209  1209 W FrameTracker: Missing HWUI jank callback for vsyncId: 8133, CUJ=J<LAUNCHER_APP_CLOSE_TO_HOME_FALLBACK>
06-03 14:38:50.280  1209  1209 W FrameTracker: Missed App frame:UNKNOWN: 88, 8174, 0, CUJ=J<LAUNCHER_APP_CLOSE_TO_HOME_FALLBACK>
06-03 14:38:50.280  1209  1209 W FrameTracker: Missed SF frame:UNKNOWN: 88, 8174, 0, CUJ=J<LAUNCHER_APP_CLOSE_TO_HOME_FALLBACK>
06-03 14:38:50.280  1209  1209 W FrameTracker: Missing HWUI jank callback for vsyncId: 8174, CUJ=J<LAUNCHER_APP_CLOSE_TO_HOME_FALLBACK>
06-03 14:38:50.280  1209  1209 W FrameTracker: Missed SF frame:UNKNOWN: 80, 8182, 67104556, CUJ=J<LAUNCHER_APP_CLOSE_TO_HOME_FALLBACK>
06-03 14:38:50.280  1209  1209 W FrameTracker: Missed SF frame:UNKNOWN: 80, 8220, 33647350, CUJ=J<LAUNCHER_APP_CLOSE_TO_HOME_FALLBACK>
06-03 14:38:50.280  1209  1209 W FrameTracker: Missed SF frame:UNKNOWN: 80, 8228, 33696017, CUJ=J<LAUNCHER_APP_CLOSE_TO_HOME_FALLBACK>
06-03 14:38:50.280  1209  1209 W FrameTracker: Missed SF frame:UNKNOWN: 80, 8236, 33645934, CUJ=J<LAUNCHER_APP_CLOSE_TO_HOME_FALLBACK>
06-03 14:38:50.280  1209  1209 W FrameTracker: Missed App frame:UNKNOWN: 88, 8244, 34039685, CUJ=J<LAUNCHER_APP_CLOSE_TO_HOME_FALLBACK>
06-03 14:38:50.280  1209  1209 W FrameTracker: Missed SF frame:UNKNOWN: 88, 8244, 34039685, CUJ=J<LAUNCHER_APP_CLOSE_TO_HOME_FALLBACK>
06-03 14:38:50.280  1209  1209 W FrameTracker: Missed SF frame:UNKNOWN: 80, 8252, 33914561, CUJ=J<LAUNCHER_APP_CLOSE_TO_HOME_FALLBACK>
06-03 14:38:50.280  1209  1209 W FrameTracker: Missed SF frame:UNKNOWN: 80, 8268, 30728937, CUJ=J<LAUNCHER_APP_CLOSE_TO_HOME_FALLBACK>
06-03 14:38:50.280  1209  1209 W FrameTracker: Missed SF frame:UNKNOWN: 80, 8276, 30456146, CUJ=J<LAUNCHER_APP_CLOSE_TO_HOME_FALLBACK>
06-03 14:38:50.280  1209  1209 W FrameTracker: Missed App frame:UNKNOWN: 88, 8284, 38938939, CUJ=J<LAUNCHER_APP_CLOSE_TO_HOME_FALLBACK>
06-03 14:38:50.280  1209  1209 W FrameTracker: Missed SF frame:UNKNOWN: 88, 8284, 38938939, CUJ=J<LAUNCHER_APP_CLOSE_TO_HOME_FALLBACK>
06-03 14:38:50.280  1209  1209 W FrameTracker: Missing SF jank callback for vsyncId: 8292, CUJ=J<LAUNCHER_APP_CLOSE_TO_HOME_FALLBACK>
06-03 14:38:50.280  1209  1227 V PerfettoTrigger: Not triggering com.android.telemetry.interaction-jank-monitor-78 - not enough time since last trigger
06-03 14:38:51.100   542   562 W BestClock: java.time.DateTimeException: Missing network time fix
06-03 14:38:51.100   542   562 W BestClock: java.time.DateTimeException: Missing network time fix
06-03 14:38:51.101   542   562 W BestClock: java.time.DateTimeException: Missing network time fix
06-03 14:38:52.105   542  1097 W BestClock: java.time.DateTimeException: Missing network time fix
06-03 14:38:52.106   542  1097 W BestClock: java.time.DateTimeException: Missing network time fix
06-03 14:38:52.107   542   562 W BestClock: java.time.DateTimeException: Missing network time fix
06-03 14:38:53.108   542   562 W BestClock: java.time.DateTimeException: Missing network time fix
06-03 14:38:53.109   542   562 W BestClock: java.time.DateTimeException: Missing network time fix
06-03 14:38:53.109   542   562 W BestClock: java.time.DateTimeException: Missing network time fix
06-03 14:38:54.111   542   562 W BestClock: java.time.DateTimeException: Missing network time fix
06-03 14:38:54.112   542   562 W BestClock: java.time.DateTimeException: Missing network time fix
06-03 14:38:54.113   542   562 W BestClock: java.time.DateTimeException: Missing network time fix
06-03 14:38:55.115   542   562 W BestClock: java.time.DateTimeException: Missing network time fix
06-03 14:38:55.116   542   562 W BestClock: java.time.DateTimeException: Missing network time fix
06-03 14:38:55.117   542   562 W BestClock: java.time.DateTimeException: Missing network time fix
06-03 14:38:56.062   806   996 D EGL_emulation: app_time_stats: avg=2726.17ms min=8.62ms max=16217.34ms count=6
06-03 14:38:56.123   542   562 W BestClock: java.time.DateTimeException: Missing network time fix
06-03 14:38:56.124   542   562 W BestClock: java.time.DateTimeException: Missing network time fix
06-03 14:38:56.125   542   562 W BestClock: java.time.DateTimeException: Missing network time fix
06-03 14:38:57.131   542   562 W BestClock: java.time.DateTimeException: Missing network time fix
06-03 14:38:57.132   542   562 W BestClock: java.time.DateTimeException: Missing network time fix
06-03 14:38:57.132   542   562 W BestClock: java.time.DateTimeException: Missing network time fix
06-03 14:38:57.174   873  2158 D TrafficStats: tagSocket(73) with statsTag=0xffffff81, statsUid=-1
06-03 14:38:57.174   873  2159 D TrafficStats: tagSocket(5) with statsTag=0xffffff81, statsUid=-1
06-03 14:38:57.175   873  2159 D TrafficStats: tagSocket(5) with statsTag=0xffffff81, statsUid=-1
06-03 14:38:57.175   873  2158 D TrafficStats: tagSocket(73) with statsTag=0xffffff81, statsUid=-1
06-03 14:38:57.176   355  2160 I resolv  : ResNSendHandler::run: 0 / {100 983140 100 983140 1073 1}
06-03 14:38:57.176   355  2160 I resolv  : res_stats_usable_server: too many resolution errors, ignoring server
06-03 14:38:57.177   355  2161 I resolv  : ResNSendHandler::run: 0 / {100 983140 100 983140 1073 1}
06-03 14:38:57.177   355  2161 I resolv  : res_stats_usable_server: too many resolution errors, ignoring server
06-03 14:38:57.177   542   723 D InetDiagMessage: Destroyed 0 sockets, proto=IPPROTO_TCP, family=AF_INET, states=14
06-03 14:38:57.177   542   723 D InetDiagMessage: Destroyed 0 sockets, proto=IPPROTO_TCP, family=AF_INET6, states=14
06-03 14:38:57.178   542   723 D InetDiagMessage: Destroyed live tcp sockets for uids={10064, 10065} in 1ms
06-03 14:38:57.178   355  2162 I resolv  : ResNSendHandler::run: 0 / {100 983140 100 983140 1073 1}
06-03 14:38:57.178   355  2162 I resolv  : res_stats_usable_server: too many resolution errors, ignoring server
06-03 14:38:57.179   355  2163 I resolv  : ResNSendHandler::run: 0 / {100 983140 100 983140 1073 1}
06-03 14:38:57.179   355  2163 I resolv  : res_stats_usable_server: too many resolution errors, ignoring server
06-03 14:38:58.144   542  2155 W BestClock: java.time.DateTimeException: Missing network time fix
06-03 14:38:58.144   542  2155 W BestClock: java.time.DateTimeException: Missing network time fix
06-03 14:38:58.145   542  1097 W BestClock: java.time.DateTimeException: Missing network time fix
06-03 14:38:59.151   542  1097 W BestClock: java.time.DateTimeException: Missing network time fix
06-03 14:38:59.151   542  1097 W BestClock: java.time.DateTimeException: Missing network time fix
06-03 14:38:59.151   542  1097 W BestClock: java.time.DateTimeException: Missing network time fix
06-03 14:38:59.773   542   669 D ActivityManager: freezing 1024 com.android.permissioncontroller
06-03 14:38:59.774   542   723 D InetDiagMessage: Destroyed 0 sockets, proto=IPPROTO_TCP, family=AF_INET, states=14
06-03 14:38:59.774   542   723 D InetDiagMessage: Destroyed 0 sockets, proto=IPPROTO_TCP, family=AF_INET6, states=14
06-03 14:38:59.774   542   723 D InetDiagMessage: Destroyed live tcp sockets for uids={10133} in 1ms
06-03 14:39:00.011   806   996 D EGL_emulation: app_time_stats: avg=3948.77ms min=3948.77ms max=3948.77ms count=1
06-03 14:39:00.154   542  2155 W BestClock: java.time.DateTimeException: Missing network time fix
06-03 14:39:00.155   542  2155 W BestClock: java.time.DateTimeException: Missing network time fix
06-03 14:39:00.155   542  2155 W BestClock: java.time.DateTimeException: Missing network time fix
06-03 14:39:00.179   355  2164 I resolv  : GetAddrInfoHandler::run: {100 983140 100 983140 1073 1}
06-03 14:39:00.179   355  2165 I resolv  : res_nmkquery: (QUERY, IN, AAAA)
06-03 14:39:00.179   355  2165 I resolv  : resolv_cache_lookup: Waiting for previous request
06-03 14:39:00.180   355  2166 I resolv  : res_nmkquery: (QUERY, IN, A)
06-03 14:39:00.180   355  2166 I resolv  : resolv_cache_lookup: Waiting for previous request
06-03 14:39:01.167   542  2155 W BestClock: java.time.DateTimeException: Missing network time fix
06-03 14:39:01.167   542  2155 W BestClock: java.time.DateTimeException: Missing network time fix
06-03 14:39:01.168   542  2155 W BestClock: java.time.DateTimeException: Missing network time fix
06-03 14:39:02.170   542  2155 W BestClock: java.time.DateTimeException: Missing network time fix
06-03 14:39:02.171   542  2155 W BestClock: java.time.DateTimeException: Missing network time fix
06-03 14:39:02.173   542  2155 W BestClock: java.time.DateTimeException: Missing network time fix
06-03 14:39:02.185   355  2160 I resolv  : res_nsend: used send_dg 0 terrno: 110
06-03 14:39:02.185   355  2161 I resolv  : res_nsend: used send_dg 0 terrno: 110
06-03 14:39:02.186   355  2163 I resolv  : res_nsend: used send_dg 0 terrno: 110
06-03 14:39:02.186   355  2162 I resolv  : res_nsend: used send_dg 0 terrno: 110
06-03 14:39:03.177   542  2155 W BestClock: java.time.DateTimeException: Missing network time fix
06-03 14:39:03.177   542  2155 W BestClock: java.time.DateTimeException: Missing network time fix
06-03 14:39:03.178   542  2155 W BestClock: java.time.DateTimeException: Missing network time fix
06-03 14:39:04.182   542  2155 W BestClock: java.time.DateTimeException: Missing network time fix
06-03 14:39:04.183   542  2155 W BestClock: java.time.DateTimeException: Missing network time fix
06-03 14:39:04.184   542  2155 W BestClock: java.time.DateTimeException: Missing network time fix
06-03 14:39:05.186   542  2155 W BestClock: java.time.DateTimeException: Missing network time fix
06-03 14:39:05.186   542  2155 W BestClock: java.time.DateTimeException: Missing network time fix
06-03 14:39:05.186   542  2155 W BestClock: java.time.DateTimeException: Missing network time fix
06-03 14:39:06.191   542  2155 W BestClock: java.time.DateTimeException: Missing network time fix
06-03 14:39:06.192   542  2155 W BestClock: java.time.DateTimeException: Missing network time fix
06-03 14:39:06.192   542  2155 W BestClock: java.time.DateTimeException: Missing network time fix
06-03 14:39:07.190   355  2161 I resolv  : res_nsend: used send_dg 0 terrno: 110
06-03 14:39:07.190   355  2165 I resolv  : res_stats_usable_server: too many resolution errors, ignoring server
06-03 14:39:07.191   355  2160 I resolv  : res_nsend: used send_dg 0 terrno: 110
06-03 14:39:07.191   355  2162 I resolv  : res_nsend: used send_dg 0 terrno: 110
06-03 14:39:07.191   873   873 W DnsResolver: resNetworkResult:android.system.ErrnoException: resNetworkResult failed: ETIMEDOUT (Connection timed out)
06-03 14:39:07.191   873   873 W DnsResolver: resNetworkResult:android.system.ErrnoException: resNetworkResult failed: ETIMEDOUT (Connection timed out)
06-03 14:39:07.191   873   873 W DnsResolver: resNetworkResult:android.system.ErrnoException: resNetworkResult failed: ETIMEDOUT (Connection timed out)
06-03 14:39:07.191   355  2163 I resolv  : res_nsend: used send_dg 0 terrno: 110
06-03 14:39:07.192   873   873 W DnsResolver: resNetworkResult:android.system.ErrnoException: resNetworkResult failed: ETIMEDOUT (Connection timed out)
06-03 14:39:07.192   873  2158 D NetworkMonitor/100: PROBE_DNS www.google.com 10017ms FAIL in type ADDRCONFIG android.net.DnsResolver$DnsException: android.system.ErrnoException: resNetworkResult failed: ETIMEDOUT (Connection timed out)
06-03 14:39:07.192   873  2159 D NetworkMonitor/100: PROBE_DNS connectivitycheck.gstatic.com 10017ms FAIL in type ADDRCONFIG android.net.DnsResolver$DnsException: android.system.ErrnoException: resNetworkResult failed: ETIMEDOUT (Connection timed out)
06-03 14:39:07.194   355  2166 I resolv  : res_stats_usable_server: too many resolution errors, ignoring server
06-03 14:39:07.194   355  2167 I resolv  : GetAddrInfoHandler::run: {100 983140 100 983140 1073 1}
06-03 14:39:07.194   355  2168 I resolv  : GetAddrInfoHandler::run: {100 983140 100 983140 1073 1}
06-03 14:39:07.195   355  2169 I resolv  : res_nmkquery: (QUERY, IN, AAAA)
06-03 14:39:07.195   355  2169 I resolv  : res_stats_usable_server: too many resolution errors, ignoring server
06-03 14:39:07.195   355  2170 I resolv  : res_nmkquery: (QUERY, IN, A)
06-03 14:39:07.195   542   930 W BestClock: java.time.DateTimeException: Missing network time fix
06-03 14:39:07.195   355  2172 I resolv  : res_nmkquery: (QUERY, IN, A)
06-03 14:39:07.195   355  2171 I resolv  : res_nmkquery: (QUERY, IN, AAAA)
06-03 14:39:07.195   355  2171 I resolv  : res_stats_usable_server: too many resolution errors, ignoring server
06-03 14:39:07.196   542   930 W BestClock: java.time.DateTimeException: Missing network time fix
06-03 14:39:07.197   355  2170 I resolv  : res_stats_usable_server: too many resolution errors, ignoring server
06-03 14:39:07.198   355  2172 I resolv  : res_stats_usable_server: too many resolution errors, ignoring server
06-03 14:39:07.198   542   930 W BestClock: java.time.DateTimeException: Missing network time fix
06-03 14:39:07.783   542   930 I ActivityManager: Force stopping ru.poryadok5.app appid=10163 user=0: clear data
06-03 14:39:07.783   542   930 D OomAdjuster: Not killing cached processes
06-03 14:39:07.784   542  1366 E TaskPersister: File error accessing recents directory (directory doesn't exist?).
06-03 14:39:07.784   542   605 I ActivityManager: Force stopping ru.poryadok5.app appid=10163 user=-1: clearApplicationUserData
06-03 14:39:07.785   186   186 I keystore2: system/security/keystore2/src/maintenance.rs:341 - clearNamespace(r#APP, nspace=10163)
06-03 14:39:07.787   542   630 I AppsFilter: interaction: PackageSetting{fddcfb4 com.sevenkards.app.debug.test/10158} -> PackageSetting{7178eee ru.poryadok5.app/10163} BLOCKED
06-03 14:39:07.787   542   630 I AppsFilter: interaction: PackageSetting{cb08f52 com.roxbox.solpair/10149} -> PackageSetting{7178eee ru.poryadok5.app/10163} BLOCKED
06-03 14:39:07.787   542   630 I AppsFilter: interaction: PackageSetting{e443223 de.wettblick.app/10162} -> PackageSetting{7178eee ru.poryadok5.app/10163} BLOCKED
06-03 14:39:07.787   542   630 I AppsFilter: interaction: PackageSetting{4623320 ru.cisgame.colorquarter.debug/10156} -> PackageSetting{7178eee ru.poryadok5.app/10163} BLOCKED
06-03 14:39:07.787   542   630 I AppsFilter: interaction: PackageSetting{423b4d9 com.casi.casino/10153} -> PackageSetting{7178eee ru.poryadok5.app/10163} BLOCKED
06-03 14:39:07.787   542   630 I AppsFilter: interaction: PackageSetting{d244e9e com.route53.game.debug/10159} -> PackageSetting{7178eee ru.poryadok5.app/10163} BLOCKED
06-03 14:39:07.787   542   630 I AppsFilter: interaction: PackageSetting{49dcd7f com.andrejivliev.marketguide.debug/10148} -> PackageSetting{7178eee ru.poryadok5.app/10163} BLOCKED
06-03 14:39:07.787   542   630 I AppsFilter: interaction: PackageSetting{b07614c com.sevenkards.app.debug/10157} -> PackageSetting{7178eee ru.poryadok5.app/10163} BLOCKED
06-03 14:39:07.787   542   630 I AppsFilter: interaction: PackageSetting{e91c595 com.andrej.cars4096/10151} -> PackageSetting{7178eee ru.poryadok5.app/10163} BLOCKED
06-03 14:39:07.787   542   630 I AppsFilter: interaction: PackageSetting{482b6aa com.mellstory.airlines/10154} -> PackageSetting{7178eee ru.poryadok5.app/10163} BLOCKED
06-03 14:39:07.787   542   630 I AppsFilter: interaction: PackageSetting{cbc29b com.apuestalatam.guia.debug/10160} -> PackageSetting{7178eee ru.poryadok5.app/10163} BLOCKED
06-03 14:39:07.787   542   630 I AppsFilter: interaction: PackageSetting{aef4638 com.apuestalatam.guia.debug.test/10161} -> PackageSetting{7178eee ru.poryadok5.app/10163} BLOCKED
06-03 14:39:07.787   542   630 I AppsFilter: interaction: PackageSetting{6962611 com.sevenk.app/10150} -> PackageSetting{7178eee ru.poryadok5.app/10163} BLOCKED
06-03 14:39:07.787   542   630 I AppsFilter: interaction: PackageSetting{fddcfb4 com.sevenkards.app.debug.test/10158} -> PackageSetting{7178eee ru.poryadok5.app/10163} BLOCKED
06-03 14:39:07.787   542   630 I AppsFilter: interaction: PackageSetting{cb08f52 com.roxbox.solpair/10149} -> PackageSetting{7178eee ru.poryadok5.app/10163} BLOCKED
06-03 14:39:07.787   542   630 I AppsFilter: interaction: PackageSetting{e443223 de.wettblick.app/10162} -> PackageSetting{7178eee ru.poryadok5.app/10163} BLOCKED
06-03 14:39:07.787   542   630 I AppsFilter: interaction: PackageSetting{4623320 ru.cisgame.colorquarter.debug/10156} -> PackageSetting{7178eee ru.poryadok5.app/10163} BLOCKED
06-03 14:39:07.787   542   630 I AppsFilter: interaction: PackageSetting{423b4d9 com.casi.casino/10153} -> PackageSetting{7178eee ru.poryadok5.app/10163} BLOCKED
06-03 14:39:07.787   542   630 I AppsFilter: interaction: PackageSetting{d244e9e com.route53.game.debug/10159} -> PackageSetting{7178eee ru.poryadok5.app/10163} BLOCKED
06-03 14:39:07.787   542   630 I AppsFilter: interaction: PackageSetting{49dcd7f com.andrejivliev.marketguide.debug/10148} -> PackageSetting{7178eee ru.poryadok5.app/10163} BLOCKED
06-03 14:39:07.787   542   630 I AppsFilter: interaction: PackageSetting{b07614c com.sevenkards.app.debug/10157} -> PackageSetting{7178eee ru.poryadok5.app/10163} BLOCKED
06-03 14:39:07.787   542   630 I AppsFilter: interaction: PackageSetting{e91c595 com.andrej.cars4096/10151} -> PackageSetting{7178eee ru.poryadok5.app/10163} BLOCKED
06-03 14:39:07.787   542   630 I AppsFilter: interaction: PackageSetting{482b6aa com.mellstory.airlines/10154} -> PackageSetting{7178eee ru.poryadok5.app/10163} BLOCKED
06-03 14:39:07.787   542   630 I AppsFilter: interaction: PackageSetting{cbc29b com.apuestalatam.guia.debug/10160} -> PackageSetting{7178eee ru.poryadok5.app/10163} BLOCKED
06-03 14:39:07.787   542   630 I AppsFilter: interaction: PackageSetting{aef4638 com.apuestalatam.guia.debug.test/10161} -> PackageSetting{7178eee ru.poryadok5.app/10163} BLOCKED
06-03 14:39:07.787   542   630 I AppsFilter: interaction: PackageSetting{6962611 com.sevenk.app/10150} -> PackageSetting{7178eee ru.poryadok5.app/10163} BLOCKED
06-03 14:39:07.789   542   746 I AppWidgetServiceImpl: Received broadcast: android.intent.action.PACKAGE_DATA_CLEARED on user 0
06-03 14:39:07.790   542   605 D ActivityManager: sync unfroze 1850 com.android.documentsui for 3
06-03 14:39:07.790  1850  1850 D ActivityThread: Package [ru.poryadok5.app] reported as REPLACED, but missing application info. Assuming REMOVED.
06-03 14:39:07.790   542   767 D ShortcutService: received package broadcast intent: Intent { act=android.intent.action.PACKAGE_DATA_CLEARED dat=package: flg=0x5000010 (has extras) }
06-03 14:39:07.790   542   767 D ShortcutService: clearing data for package: ru.poryadok5.app userId0
06-03 14:39:07.790   542   767 D ShortcutService: handlePackageDataCleared: ru.poryadok5.app user=0
06-03 14:39:07.790   542   767 D ShortcutService: rescanPackageIfNeeded 0@ru.poryadok5.app, forceRescan=true , isNewApp=true
06-03 14:39:07.790   542   767 D ShortcutService: Package ru.poryadok5.app has 0 manifest shortcut(s), and 0 share target(s)
06-03 14:39:07.792   542   746 I AppWidgetServiceImpl: Received broadcast: android.intent.action.PACKAGE_RESTARTED on user 0
06-03 14:39:07.792   542   746 I AppWidgetServiceImpl: Updating package stopped masked state for uid 10163 package ru.poryadok5.app isStopped false
06-03 14:39:07.792   940   940 D CarrierSvcBindHelper: onHandleForceStop: [ru.poryadok5.app]
06-03 14:39:07.792   940   940 D CarrierSvcBindHelper: No carrier app for: 0
06-03 14:39:07.793   542   605 D ActivityManager: sync unfroze 1024 com.android.permissioncontroller for 3
06-03 14:39:07.795   542   562 W JobInfo : Job 'com.android.providers.media.module/com.android.providers.media.MediaService#-300' has a deadline with no functional constraints. The deadline won't improve job execution latency. Consider removing the deadline.
06-03 14:39:07.798  1327  1521 I MediaProvider: Begin Intent { act=android.intent.action.PACKAGE_DATA_CLEARED dat=package: flg=0x5000010 cmp=com.android.providers.media.module/com.android.providers.media.MediaService (has extras) }
06-03 14:39:07.799  1327  1521 D MediaProvider: Deleted 0 Android/media items belonging to ru.poryadok5.app on /data/user/0/com.android.providers.media.module/databases/external.db
06-03 14:39:07.799  1327  1521 D MediaGrants: Removed 0 media_grants for 0 user for [ru.poryadok5.app, ru.poryadok5.app]. Reason: Package orphaned
06-03 14:39:07.799  1327  1521 I MediaProvider: End Intent { act=android.intent.action.PACKAGE_DATA_CLEARED dat=package: flg=0x5000010 cmp=com.android.providers.media.module/com.android.providers.media.MediaService (has extras) }
06-03 14:39:07.800  1850  1859 W oid.documentsui: ApkAssets: Deleting an ApkAssets object '<empty> and /system/priv-app/ExternalStorageProvider/ExternalStorageProvider.apk' with 1 weak references
06-03 14:39:07.800  1850  1859 W oid.documentsui: ApkAssets: Deleting an ApkAssets object '<empty> and /system/priv-app/MtpService/MtpService.apk' with 1 weak references
06-03 14:39:07.800  1850  1859 W oid.documentsui: ApkAssets: Deleting an ApkAssets object '<empty> and /apex/com.android.mediaprovider/priv-app/MediaProvider@AE3A.240806.019/MediaProvider.apk' with 1 weak references
06-03 14:39:07.800  1850  1859 W oid.documentsui: ApkAssets: Deleting an ApkAssets object '<empty> and /system/priv-app/DownloadProvider/DownloadProvider.apk' with 1 weak references
06-03 14:39:07.807   542  2155 D SafetySourceDataValidat: No cert check requested for package com.android.permissioncontroller
06-03 14:39:07.809  1024  1024 D PersistedStoragePackageUninstalledReceiver: Received android.intent.action.PACKAGE_DATA_CLEARED for ru.poryadok5.app for u0
06-03 14:39:07.811   542  2155 W ActivityTaskManager: callingPackage for (uid=2000, pid=2193) has no WPC
06-03 14:39:07.812   542  2155 W OptProp : Cannot read opt property android.window.PROPERTY_COMPAT_ALLOW_ORIENTATION_OVERRIDE
06-03 14:39:07.813   542  2155 V GrammaticalInflectionUtils: AttributionSource: AttributionSource { uid = 10163, packageName = null, attributionTag = null, token = android.os.Binder@b6ca7b7, deviceId = 0, next = null } does not have READ_SYSTEM_GRAMMATICAL_GENDER permission.
06-03 14:39:07.813   542  2155 W OptProp : Cannot read opt property android.window.PROPERTY_COMPAT_ALLOW_RESIZEABLE_ACTIVITY_OVERRIDES
06-03 14:39:07.813   542  2155 W OptProp : Cannot read opt property android.window.PROPERTY_COMPAT_ALLOW_MIN_ASPECT_RATIO_OVERRIDE
06-03 14:39:07.813   355   450 I netd    : tetherGetStats() -> {[]} <0.25ms>
06-03 14:39:07.815   542  2155 V SplashScreenExceptionList: SplashScreen checking exception for package ru.poryadok5.app (target sdk:35) -> false
06-03 14:39:07.816   542  2155 I ActivityTaskManager: START u0 {flg=0x10000000 cmp=ru.poryadok5.app/.MainActivity} with LAUNCH_MULTIPLE from uid 2000 (BAL_ALLOW_PERMISSION) result code=0
06-03 14:39:07.816   806   844 V WindowManagerShell: Transition requested (#6): android.os.BinderProxy@409c240 TransitionRequestInfo { type = OPEN, triggerTask = TaskInfo{userId=0 taskId=533 displayId=0 isRunning=true baseIntent=Intent { flg=0x10000000 cmp=ru.poryadok5.app/.MainActivity } baseActivity=ComponentInfo{ru.poryadok5.app/ru.poryadok5.app.MainActivity} topActivity=ComponentInfo{ru.poryadok5.app/ru.poryadok5.app.MainActivity} origActivity=null realActivity=ComponentInfo{ru.poryadok5.app/ru.poryadok5.app.MainActivity} numActivities=1 lastActiveTime=291538 supportsMultiWindow=true resizeMode=1 isResizeable=true minWidth=-1 minHeight=-1 defaultMinSize=220 token=WCT{android.window.IWindowContainerToken$Stub$Proxy@ed76579} topActivityType=1 pictureInPictureParams=null shouldDockBigOverlays=false launchIntoPipHostTaskId=-1 lastParentTaskIdBeforePip=-1 displayCutoutSafeInsets=null topActivityInfo=ActivityInfo{73742be ru.poryadok5.app.MainActivity} launchCookies=[] positionInParent=Point(0, 0) parentTaskId=-1 isFocused=false isVisible=false isVisibleRequested=false isSleeping=false locusId=null displayAreaFeatureId=1 isTopActivityTransparent=false appCompatTaskInfo=AppCompatTaskInfo { topActivityInSizeCompat=false topActivityEligibleForLetterboxEducation= falseisLetterboxEducationEnabled= false isLetterboxDoubleTapEnabled= false topActivityEligibleForUserAspectRatioButton= false topActivityBoundsLetterboxed= false isFromLetterboxDoubleTap= false topActivityLetterboxVerticalPosition= -1 topActivityLetterboxHorizontalPosition= -1 topActivityLetterboxWidth=1080 topActivityLetterboxHeight=2400 isUserFullscreenOverrideEnabled=false isSystemFullscreenOverrideEnabled=false cameraCompatTaskInfo=CameraCompatTaskInfo { cameraCompatControlState=hidden freeformCameraCompatMode=inactive}}}, pipTask = null, remoteTransition = null, displayChange = null, flags = 0, debugId = 6 }
06-03 14:39:07.816  1209  1209 W SplitSelectStateCtor: Missing session instanceIds
06-03 14:39:07.816  1209  1209 D StatsLog: LAUNCHER_SPLIT_SELECTION_EXIT_INTERRUPTED
06-03 14:39:07.816   542   597 V GrammaticalInflectionUtils: AttributionSource: AttributionSource { uid = 10163, packageName = null, attributionTag = null, token = android.os.Binder@b6ca7b7, deviceId = 0, next = null } does not have READ_SYSTEM_GRAMMATICAL_GENDER permission.
06-03 14:39:07.817   806   844 D WindowManagerShell: setLauncherKeepClearAreaHeight: visible=false, height=294
06-03 14:39:07.817   542   561 D CompatChangeReporter: Compat change id reported: 309578419; UID 10163; state: ENABLED
06-03 14:39:07.817  1209  1209 I TopTaskTracker: onTaskMovedToFront: (moved taskInfo to front) taskId=533, baseIntent=Intent { flg=0x10000000 cmp=ru.poryadok5.app/.MainActivity }
06-03 14:39:07.819   806   954 D SplashScreenView: Build android.window.SplashScreenView{e66eb96 V.E...... ......ID 0,0-0,0}
06-03 14:39:07.819   806   954 D SplashScreenView: Icon: view: android.widget.ImageView{99e3317 V.ED..... ......I. 0,0-0,0 #1020504 android:id/splashscreen_icon_view} drawable: com.android.wm.shell.startingsurface.SplashscreenIconDrawableFactory$ImmobileIconDrawable@6b6f304 size: 504
06-03 14:39:07.819   806   954 D SplashScreenView: Branding: view: android.view.View{308e0ed G.ED..... ......I. 0,0-0,0 #1020503 android:id/splashscreen_branding_view} drawable: null size w: 0 h: 0
06-03 14:39:07.825   399   399 I BpBinder: onLastStrongRef automatically unlinking death recipients: 
06-03 14:39:07.826   356   356 D Zygote  : Forked child process 2196
06-03 14:39:07.826   542   606 I ActivityManager: Start proc 2196:ru.poryadok5.app/u0a163 for next-top-activity {ru.poryadok5.app/ru.poryadok5.app.MainActivity}
06-03 14:39:07.831   542  2155 D CoreBackPreview: Window{329f260 u0 Splash Screen ru.poryadok5.app}: Setting back callback OnBackInvokedCallbackInfo{mCallback=android.window.IOnBackInvokedCallback$Stub$Proxy@c9e3fde, mPriority=0, mIsAnimationCallback=false}
06-03 14:39:07.838   542   594 V WindowManager: Sent Transition (#6) createdAt=06-03 14:39:07.813 via request=TransitionRequestInfo { type = OPEN, triggerTask = TaskInfo{userId=0 taskId=533 displayId=0 isRunning=true baseIntent=Intent { flg=0x10000000 cmp=ru.poryadok5.app/.MainActivity } baseActivity=ComponentInfo{ru.poryadok5.app/ru.poryadok5.app.MainActivity} topActivity=ComponentInfo{ru.poryadok5.app/ru.poryadok5.app.MainActivity} origActivity=null realActivity=ComponentInfo{ru.poryadok5.app/ru.poryadok5.app.MainActivity} numActivities=1 lastActiveTime=291538 supportsMultiWindow=true resizeMode=1 isResizeable=true minWidth=-1 minHeight=-1 defaultMinSize=220 token=WCT{RemoteToken{c87ad78 Task{2b044c7 #533 type=standard A=10163:ru.poryadok5.app}}} topActivityType=1 pictureInPictureParams=null shouldDockBigOverlays=false launchIntoPipHostTaskId=-1 lastParentTaskIdBeforePip=-1 displayCutoutSafeInsets=null topActivityInfo=ActivityInfo{f6f9c51 ru.poryadok5.app.MainActivity} launchCookies=[] positionInParent=Point(0, 0) parentTaskId=-1 isFocused=false isVisible=false isVisibleRequested=false isSleeping=false locusId=null displayAreaFeatureId=1 isTopActivityTransparent=false appCompatTaskInfo=AppCompatTaskInfo { topActivityInSizeCompat=false topActivityEligibleForLetterboxEducation= falseisLetterboxEducationEnabled= false isLetterboxDoubleTapEnabled= false topActivityEligibleForUserAspectRatioButton= false topActivityBoundsLetterboxed= false isFromLetterboxDoubleTap= false topActivityLetterboxVerticalPosition= -1 topActivityLetterboxHorizontalPosition= -1 topActivityLetterboxWidth=1080 topActivityLetterboxHeight=2400 isUserFullscreenOverrideEnabled=false isSystemFullscreenOverrideEnabled=false cameraCompatTaskInfo=CameraCompatTaskInfo { cameraCompatControlState=hidden freeformCameraCompatMode=inactive}}}, pipTask = null, remoteTransition = null, displayChange = null, flags = 0, debugId = 6 }
06-03 14:39:07.838   806   818 V WindowManagerShell: onTransitionReady(transaction=2327872274853)
06-03 14:39:07.840   542   594 V WindowManager:     startWCT=WindowContainerTransaction { changes = {} hops = [] errorCallbackToken=null taskFragmentOrganizer=null }
06-03 14:39:07.840   542   594 V WindowManager:     info={id=6 t=OPEN f=0x0 trk=0 r=[0@Point(0, 0)] c=[
06-03 14:39:07.840   542   594 V WindowManager:         {WCT{RemoteToken{c87ad78 Task{2b044c7 #533 type=standard A=10163:ru.poryadok5.app}}} m=OPEN f=NONE leash=Surface(name=Task=533)/@0x9abd48c sb=Rect(0, 0 - 1080, 2400) eb=Rect(0, 0 - 1080, 2400) d=0 taskParent=-1},
06-03 14:39:07.840   542   594 V WindowManager:         {WCT{RemoteToken{9278387 Task{3172e27 #1 type=home}}} m=TO_BACK f=SHOW_WALLPAPER leash=Surface(name=Task=1)/@0xe2f5fa sb=Rect(0, 0 - 1080, 2400) eb=Rect(0, 0 - 1080, 2400) d=0 taskParent=-1}
06-03 14:39:07.840   542   594 V WindowManager:     ]}
06-03 14:39:07.840   806   844 V WindowManagerShell: onTransitionReady (#6) android.os.BinderProxy@409c240: {id=6 t=OPEN f=0x0 trk=0 r=[0@Point(0, 0)] c=[{WCT{android.window.IWindowContainerToken$Stub$Proxy@fc34221} m=OPEN f=NONE leash=Surface(name=Task=533)/@0x66dfc7a sb=Rect(0, 0 - 1080, 2400) eb=Rect(0, 0 - 1080, 2400) d=0 taskParent=-1},{WCT{android.window.IWindowContainerToken$Stub$Proxy@acf6646} m=TO_BACK f=SHOW_WALLPAPER leash=Surface(name=Task=1)/@0x1ddc2b sb=Rect(0, 0 - 1080, 2400) eb=Rect(0, 0 - 1080, 2400) d=0 taskParent=-1}]}
06-03 14:39:07.840   806   844 V WindowManagerShell: Playing animation for (#6) android.os.BinderProxy@409c240@0
06-03 14:39:07.840  2196  2196 I u.poryadok5.app: Late-enabling -Xcheck:jni
06-03 14:39:07.841   806   844 V WindowManagerShell:  try handler com.android.wm.shell.transition.DefaultMixedHandler@39fde4b
06-03 14:39:07.842   806   844 V WindowManagerShell:  try handler com.android.wm.shell.keyguard.KeyguardTransitionHandler@9ceb028
06-03 14:39:07.842   806   844 V WindowManagerShell:  try handler com.android.wm.shell.pip.PipTransition@d9d6141
06-03 14:39:07.842   806   844 V WindowManagerShell:  try handler com.android.wm.shell.activityembedding.ActivityEmbeddingController@8ea66e6
06-03 14:39:07.842   806   844 V WindowManagerShell:  try handler com.android.wm.shell.recents.RecentsTransitionHandler@30c1427
06-03 14:39:07.842   806   844 V ShellRecents: RecentsTransitionHandler.startAnimation: no controller found
06-03 14:39:07.842   806   844 V WindowManagerShell:  try handler com.android.wm.shell.splitscreen.StageCoordinator@772a6d4
06-03 14:39:07.842   806   844 V WindowManagerShell:  try handler com.android.wm.shell.transition.RemoteTransitionHandler@69dd07d
06-03 14:39:07.842   806   844 V WindowManagerShell: Transition doesn't have explicit remote, search filters for match for {id=6 t=OPEN f=0x0 trk=0 r=[0@Point(0, 0)] c=[{WCT{android.window.IWindowContainerToken$Stub$Proxy@fc34221} m=OPEN f=NONE leash=Surface(name=Task=533)/@0x66dfc7a sb=Rect(0, 0 - 1080, 2400) eb=Rect(0, 0 - 1080, 2400) d=0 taskParent=-1},{WCT{android.window.IWindowContainerToken$Stub$Proxy@acf6646} m=TO_BACK f=SHOW_WALLPAPER leash=Surface(name=Task=1)/@0x1ddc2b sb=Rect(0, 0 - 1080, 2400) eb=Rect(0, 0 - 1080, 2400) d=0 taskParent=-1}]}
06-03 14:39:07.842   806   844 V WindowManagerShell:  Checking filter Pair{{types=[] flags=0x0] notFlags=0x100 checks=[{atype=home independent=true modes=[OPEN,TO_FRONT] flags=NONE mustBeTask=false order=TOP topActivity=ComponentInfo{com.android.launcher3/com.android.launcher3.uioverrides.QuickstepLauncher} launchCookie=null},{atype=standard independent=true modes=[CLOSE,TO_BACK] flags=NONE mustBeTask=false order=ANY topActivity=null launchCookie=null}]} RemoteTransition { remoteTransition = android.window.IRemoteTransition$Stub$Proxy@4660b72, appThread = android.app.IApplicationThread$Stub$Proxy@31bcbc3, debugName = QuickstepLaunchHome }}
06-03 14:39:07.842   806   844 V WindowManagerShell:  Delegate animation for (#6) to null
06-03 14:39:07.842   806   844 V WindowManagerShell:  try handler com.android.wm.shell.transition.DefaultTransitionHandler@6bd5c40
06-03 14:39:07.842   806   844 V WindowManagerShell: start default transition animation, info = {id=6 t=OPEN f=0x0 trk=0 r=[0@Point(0, 0)] c=[{WCT{android.window.IWindowContainerToken$Stub$Proxy@fc34221} m=OPEN f=NONE leash=Surface(name=Task=533)/@0x66dfc7a sb=Rect(0, 0 - 1080, 2400) eb=Rect(0, 0 - 1080, 2400) d=0 taskParent=-1},{WCT{android.window.IWindowContainerToken$Stub$Proxy@acf6646} m=TO_BACK f=SHOW_WALLPAPER leash=Surface(name=Task=1)/@0x1ddc2b sb=Rect(0, 0 - 1080, 2400) eb=Rect(0, 0 - 1080, 2400) d=0 taskParent=-1}]}
06-03 14:39:07.842   806   844 V WindowManagerShell: loadAnimation: anim=android.view.animation.AnimationSet@b9c1007 animAttr=0x13 type=OPEN isEntrance=false
06-03 14:39:07.842   806   844 V WindowManagerShell: loadAnimation: anim=android.view.animation.AnimationSet@abf2534 animAttr=0x12 type=OPEN isEntrance=true
06-03 14:39:07.847   806   844 V WindowManagerShell:  animated by com.android.wm.shell.transition.DefaultTransitionHandler@6bd5c40
06-03 14:39:07.848   542  2155 W UserManagerService: Requested status bar icon for non-badged user 0
06-03 14:39:07.854  2196  2196 I u.poryadok5.app: Using CollectorTypeCMC GC.
06-03 14:39:07.865  1209  1412 D EGL_emulation: app_time_stats: avg=1879.76ms min=5.91ms max=27821.19ms count=15
06-03 14:39:07.869   806   996 D EGL_emulation: app_time_stats: avg=7857.86ms min=7857.86ms max=7857.86ms count=1
06-03 14:39:07.883   402   444 I adbd    : jdwp connection from 2196
06-03 14:39:07.885  1209  1412 D EGL_emulation: app_time_stats: avg=2808.55ms min=0.65ms max=27920.11ms count=10
06-03 14:39:07.887  2196  2196 D nativeloader: Load libframework-connectivity-tiramisu-jni.so using APEX ns com_android_tethering for caller /apex/com.android.tethering/javalib/framework-connectivity-t.jar: ok
06-03 14:39:07.892   542   767 D ShortcutService: Saving package item com.android.launcher3 to /data/system_ce/0/shortcut_service/launchers/com.android.launcher30.xml
06-03 14:39:07.906  2196  2196 D ApplicationLoaders: Returning zygote-cached class loader: /system_ext/framework/androidx.window.extensions.jar
06-03 14:39:07.906  2196  2196 D ApplicationLoaders: Returning zygote-cached class loader: /system_ext/framework/androidx.window.sidecar.jar
06-03 14:39:07.906  2196  2196 W ziparchive: Unable to open '/data/app/~~oFFCXi0meEHxj0spfqkrHg==/ru.poryadok5.app-uj5dmPMgFvC3u8e125oNag==/base.dm': No such file or directory
06-03 14:39:07.906  2196  2196 W ziparchive: Unable to open '/data/app/~~oFFCXi0meEHxj0spfqkrHg==/ru.poryadok5.app-uj5dmPMgFvC3u8e125oNag==/base.dm': No such file or directory
06-03 14:39:07.953   542   561 W ActivityTaskManager: takeTaskSnapshot: taskId=523 not found or not visible
06-03 14:39:08.139  2196  2196 D nativeloader: Configuring clns-7 for other apk /data/app/~~oFFCXi0meEHxj0spfqkrHg==/ru.poryadok5.app-uj5dmPMgFvC3u8e125oNag==/base.apk. target_sdk_version=35, uses_libraries=, library_path=/data/app/~~oFFCXi0meEHxj0spfqkrHg==/ru.poryadok5.app-uj5dmPMgFvC3u8e125oNag==/lib/arm64:/data/app/~~oFFCXi0meEHxj0spfqkrHg==/ru.poryadok5.app-uj5dmPMgFvC3u8e125oNag==/base.apk!/lib/arm64-v8a, permitted_path=/data:/mnt/expand:/data/user/0/ru.poryadok5.app
06-03 14:39:08.140  2196  2196 D CompatChangeReporter: Compat change id reported: 202956589; UID 10163; state: ENABLED
06-03 14:39:08.142   806   844 V WindowManagerShell: Transition animation finished (aborted=false), notifying core (#6) android.os.BinderProxy@409c240@0
06-03 14:39:08.148   542   594 V WindowManager: Finish Transition (#6): created at 06-03 14:39:07.813 collect-started=0.013ms request-sent=2.416ms started=2.903ms ready=23.348ms sent=24.093ms finished=328.619ms
06-03 14:39:08.150   542   561 W UserManagerService: Requested status bar icon for non-badged user 0
06-03 14:39:08.150   806   844 V WindowManagerShell: Track 0 became idle
06-03 14:39:08.150   806   844 V WindowManagerShell: All active transition animations finished
06-03 14:39:08.150   542  1097 W UserManagerService: Requested status bar icon for non-badged user 0
06-03 14:39:08.155  2196  2196 V GraphicsEnvironment: Currently set values for:
06-03 14:39:08.155  2196  2196 V GraphicsEnvironment:   angle_gl_driver_selection_pkgs=[]
06-03 14:39:08.155  2196  2196 V GraphicsEnvironment:   angle_gl_driver_selection_values=[]
06-03 14:39:08.155  2196  2196 V GraphicsEnvironment: Global.Settings values are invalid: number of packages: 0, number of values: 0
06-03 14:39:08.155  2196  2196 V GraphicsEnvironment: Neither updatable production driver nor prerelease driver is supported.
06-03 14:39:08.161  1209  1209 D VRI[QuickstepLauncher]: visibilityChanged oldVisibility=true newVisibility=false
06-03 14:39:08.169  2196  2196 D CompatChangeReporter: Compat change id reported: 279646685; UID 10163; state: ENABLED
06-03 14:39:08.173   542   561 D CompatChangeReporter: Compat change id reported: 324203798; UID 10163; state: ENABLED
06-03 14:39:08.199   542   561 W BestClock: java.time.DateTimeException: Missing network time fix
06-03 14:39:08.200   542   561 W BestClock: java.time.DateTimeException: Missing network time fix
06-03 14:39:08.202   542  1097 W BestClock: java.time.DateTimeException: Missing network time fix
06-03 14:39:08.208  2196  2196 D CompatChangeReporter: Compat change id reported: 309578419; UID 10163; state: ENABLED
06-03 14:39:08.236  2196  2196 W HWUI    : Unknown dataspace 0
06-03 14:39:08.355  2196  2196 W u.poryadok5.app: Accessing hidden method Landroid/os/SystemProperties;->addChangeCallback(Ljava/lang/Runnable;)V (unsupported, reflection, allowed)
06-03 14:39:08.381  2196  2201 I u.poryadok5.app: Compiler allocated 5250KB to compile void android.view.ViewRootImpl.performTraversals()
06-03 14:39:08.411   542  1097 D CoreBackPreview: Window{82ea1f9 u0 ru.poryadok5.app/ru.poryadok5.app.MainActivity}: Setting back callback OnBackInvokedCallbackInfo{mCallback=android.window.IOnBackInvokedCallback$Stub$Proxy@dae64b5, mPriority=0, mIsAnimationCallback=false}
06-03 14:39:08.440  2196  2212 I EGL_emulation: Opening libGLESv1_CM_emulation.so
06-03 14:39:08.440  2196  2212 I EGL_emulation: Opening libGLESv2_emulation.so
06-03 14:39:08.446  2196  2212 W HWUI    : Failed to choose config with EGL_SWAP_BEHAVIOR_PRESERVED, retrying without...
06-03 14:39:08.447  2196  2212 W HWUI    : Failed to initialize 101010-2 format, error = EGL_SUCCESS
06-03 14:39:08.455   156   156 I servicemanager: Caller(pid=2196,uid=10163,sid=u:r:untrusted_app:s0:c163,c256,c512,c768) Could not find android.hardware.graphics.allocator.IAllocator/default in the VINTF manifest. No alternative instances declared in VINTF.
06-03 14:39:08.455   157   157 I hwservicemanager: getTransport: Cannot find entry android.hardware.graphics.mapper@4.0::IMapper/default in either framework or device VINTF manifest.
06-03 14:39:08.455  2196  2212 I Gralloc4: mapper 4.x is not supported
06-03 14:39:08.480   542   594 W ziparchive: Unable to open '/data/app/~~oFFCXi0meEHxj0spfqkrHg==/ru.poryadok5.app-uj5dmPMgFvC3u8e125oNag==/base.dm': No such file or directory
06-03 14:39:08.480   542   594 I ActivityTaskManager: Displayed ru.poryadok5.app/.MainActivity for user 0: +668ms
06-03 14:39:08.486  2196  2222 D CompatChangeReporter: Compat change id reported: 312399441; UID 10163; state: ENABLED
06-03 14:39:08.504  1209  1209 D BaseDepthController: setSurface:
06-03 14:39:08.504  1209  1209 D BaseDepthController: 	mWaitingOnSurfaceValidity: false
06-03 14:39:08.504  1209  1209 D BaseDepthController: 	mSurface: null
06-03 14:39:08.505  1209  1209 D BaseDepthController: mSurface is null and mCurrentBlur is: 0
06-03 14:39:08.505  1209  1209 D StateManager: goToState - fromState: Normal, toState: Normal, partial trace:
06-03 14:39:08.505  1209  1209 D StateManager: 	at com.android.launcher3.statemanager.StateManager.moveToRestState(StateManager.java:453)
06-03 14:39:08.505  1209  1209 D StateManager: 	at com.android.launcher3.statemanager.StateManager.moveToRestState(StateManager.java:444)
06-03 14:39:08.505  1209  1209 D StateManager: 	at com.android.launcher3.statemanager.StatefulActivity.onStop(StatefulActivity.java:119)
06-03 14:39:08.505  1209  1209 D StatsLog: LAUNCHER_ONSTOP
06-03 14:39:08.505   542  1097 I AppWidgetServiceImpl: setAppWidgetHidden() 0
06-03 14:39:08.515   542   688 I ImeTracker: ru.poryadok5.app:c2875324: onRequestHide at ORIGIN_SERVER reason HIDE_UNSPECIFIED_WINDOW fromUser false
06-03 14:39:08.516   542   688 I ImeTracker: ru.poryadok5.app:c2875324: onCancelled at PHASE_SERVER_SHOULD_HIDE
06-03 14:39:08.851   806   952 W WindowOnBackDispatcher: sendCancelIfRunning: isInProgress=false callback=android.view.ViewRootImpl$$ExternalSyntheticLambda11@d1f9ee9
06-03 14:39:08.851   542  1097 D CoreBackPreview: Window{329f260 u0 Splash Screen ru.poryadok5.app EXITING}: Setting back callback null
06-03 14:39:08.851   542   561 W InputManager-JNI: Input channel object '329f260 Splash Screen ru.poryadok5.app (client)' was disposed without first being removed with the input manager!
06-03 14:39:08.859   355   450 I netd    : tetherGetStats() -> {[]} <0.68ms>
06-03 14:39:08.902   806   952 W FrameTracker: Missing HWUI jank callback for vsyncId: 8973, CUJ=J<SPLASHSCREEN_EXIT_ANIM>
06-03 14:39:08.902   806   952 W FrameTracker: Missed App frame:UNKNOWN: 24, 9024, 22911677, CUJ=J<SPLASHSCREEN_EXIT_ANIM>
06-03 14:39:08.902   806   952 W FrameTracker: Missed SF frame:UNKNOWN: 24, 9024, 22911677, CUJ=J<SPLASHSCREEN_EXIT_ANIM>
06-03 14:39:08.902   806   952 W FrameTracker: Missed SF frame:UNKNOWN: 80, 9046, 23867677, CUJ=J<SPLASHSCREEN_EXIT_ANIM>
06-03 14:39:08.902   806   952 W FrameTracker: Missed SF frame:UNKNOWN: 80, 9068, 24345011, CUJ=J<SPLASHSCREEN_EXIT_ANIM>
06-03 14:39:08.902   806   952 W FrameTracker: Missed SF frame:UNKNOWN: 80, 9100, 32369806, CUJ=J<SPLASHSCREEN_EXIT_ANIM>
06-03 14:39:08.902   806   952 W FrameTracker: Missed SF frame:UNKNOWN: 80, 9108, 29556973, CUJ=J<SPLASHSCREEN_EXIT_ANIM>
06-03 14:39:08.902   806   952 W FrameTracker: Missed SF frame:UNKNOWN: 80, 9123, 28015349, CUJ=J<SPLASHSCREEN_EXIT_ANIM>
06-03 14:39:08.902   806   952 W FrameTracker: Missed SF frame:UNKNOWN: 80, 9147, 30786559, CUJ=J<SPLASHSCREEN_EXIT_ANIM>
06-03 14:39:08.902   806   952 W FrameTracker: Missed SF frame:UNKNOWN: 80, 9155, 27160185, CUJ=J<SPLASHSCREEN_EXIT_ANIM>
06-03 14:39:08.902   806   952 W FrameTracker: Missed SF frame:UNKNOWN: 80, 9163, 28201311, CUJ=J<SPLASHSCREEN_EXIT_ANIM>
06-03 14:39:08.902   806   952 W FrameTracker: Missed SF frame:UNKNOWN: 80, 9171, 24299228, CUJ=J<SPLASHSCREEN_EXIT_ANIM>
06-03 14:39:08.902   806   952 W FrameTracker: Missed SF frame:UNKNOWN: 80, 9179, 23961729, CUJ=J<SPLASHSCREEN_EXIT_ANIM>
06-03 14:39:08.902   806   952 W FrameTracker: Missed SF frame:UNKNOWN: 80, 9187, 24715521, CUJ=J<SPLASHSCREEN_EXIT_ANIM>
06-03 14:39:08.902   806   952 W FrameTracker: Missed SF frame:UNKNOWN: 80, 9195, 27066938, CUJ=J<SPLASHSCREEN_EXIT_ANIM>
06-03 14:39:08.902   806   883 V PerfettoTrigger: Not triggering com.android.telemetry.interaction-jank-monitor-39 - not enough time since last trigger
06-03 14:39:09.208   542   561 W BestClock: java.time.DateTimeException: Missing network time fix
06-03 14:39:09.208   542   561 W BestClock: java.time.DateTimeException: Missing network time fix
06-03 14:39:09.209   542   561 W BestClock: java.time.DateTimeException: Missing network time fix
06-03 14:39:09.901  2231  2231 W BpBinder: Linking to death on android.gui.ISurfaceComposer but there are no threads (yet?) listening to incoming transactions. See ProcessState::startThreadPool and ProcessState::setThreadPoolMaxThreadCount. Generally you should setup the binder threadpool before other initialization steps.
06-03 14:39:09.901  2231  2231 W ProcessState: Extra binder thread started, but 0 threads requested. Do not use *startThreadPool when zero threads are requested.
06-03 14:39:09.907   157   157 I hwservicemanager: getTransport: Cannot find entry android.hardware.graphics.mapper@4.0::IMapper/default in either framework or device VINTF manifest.
06-03 14:39:09.907  2231  2232 I Gralloc4: mapper 4.x is not supported
06-03 14:39:09.908   156   156 I servicemanager: Caller(pid=2231,uid=2000,sid=u:r:shell:s0) Could not find android.hardware.graphics.allocator.IAllocator/default in the VINTF manifest. No alternative instances declared in VINTF.
06-03 14:39:10.028  2233  2233 D AndroidRuntime: >>>>>> START com.android.internal.os.RuntimeInit uid 2000 <<<<<<
06-03 14:39:10.030  2233  2233 I AndroidRuntime: Using default boot image
06-03 14:39:10.030  2233  2233 I AndroidRuntime: Leaving lock profiling enabled
06-03 14:39:10.031  2233  2233 I app_process: Core platform API reporting enabled, enforcing=false
06-03 14:39:10.031  2233  2233 I app_process: Using CollectorTypeCMC GC.
06-03 14:39:10.063  2233  2233 D nativeloader: InitDefaultPublicLibraries for_preload=1: libandroid.so:libaaudio.so:libamidi.so:libbinder_ndk.so:libc.so:libcamera2ndk.so:libdl.so:libEGL.so:libGLESv1_CM.so:libGLESv2.so:libGLESv3.so:libicu.so:libicui18n.so:libicuuc.so:libjnigraphics.so:liblog.so:libmediandk.so:libm.so:libnativehelper.so:libnativewindow.so:libOpenMAXAL.so:libOpenSLES.so:libRS.so:libstdc++.so:libsync.so:libvulkan.so:libwebviewchromium_plat_support.so:libz.so
06-03 14:39:10.067  2233  2233 D nativeloader: Load libicu_jni.so using APEX ns com_android_art for caller /apex/com.android.art/javalib/core-oj.jar: ok
06-03 14:39:10.067  2233  2233 D app_process: u_setTimeZoneFilesDirectory("/apex/com.android.tzdata/etc/tz/versioned/8/icu") succeeded. 
06-03 14:39:10.067  2233  2233 D app_process: I18n APEX ICU file found: /apex/com.android.i18n/etc/icu/icudt75l.dat
06-03 14:39:10.068  2233  2233 D nativeloader: Load libjavacore.so using APEX ns com_android_art for caller /apex/com.android.art/javalib/core-oj.jar: ok
06-03 14:39:10.068  2233  2233 D nativeloader: Load libopenjdk.so using APEX ns com_android_art for caller /apex/com.android.art/javalib/core-oj.jar: ok
06-03 14:39:10.069  2233  2233 W app_process: ClassLoaderContext shared library size mismatch. Expected=2, found=0 (PCL[]{PCL[/system/framework/android.test.base.jar*724373495]#PCL[/system/framework/android.test.mock.jar*1452759902]} | PCL[])
06-03 14:39:10.069  2233  2233 W app_process: ClassLoaderContext classpath size mismatch. expected=0, found=1 (PCL[]{PCL[/system/framework/android.test.runner.jar*2496447986]#PCL[/system/framework/android.test.base.jar*724373495]} | PCL[/system/framework/android.test.runner.jar*2496447986])
06-03 14:39:10.076  2233  2233 D nativeloader: Load libframework-connectivity-tiramisu-jni.so using APEX ns com_android_tethering for caller /apex/com.android.tethering/javalib/framework-connectivity-t.jar: ok
06-03 14:39:10.076  2233  2233 D AndroidRuntime: Calling main entry com.android.commands.uiautomator.Launcher
06-03 14:39:10.077  2233  2233 D UiAutomationConnection: Created on user UserHandle{0}
06-03 14:39:10.077  2233  2233 I UiAutomation: Initialized for user 0 on display 0
06-03 14:39:10.077  2233  2233 W UiAutomation: Created with deprecatead constructor, assumes DEFAULT_DISPLAY
06-03 14:39:10.078   542   561 D AccessibilityManagerService: changeCurrentUserForTestAutomationIfNeededLocked(0): ignoring because device doesn't support visible background users
06-03 14:39:10.078   542   561 I UiAutomationManager: Registering UiTestAutomationService (id=com.android.server.accessibility/UiAutomation, flags=0x0) when called by user 0
06-03 14:39:10.079   542   561 W MagnificationConnectionManager: requestConnection duplicated request: connect=false, mConnectionState=DISCONNECTED
06-03 14:39:10.080  2233  2245 V UiAutomation: Init UiAutomation@440c53d[id=5, displayId=0, flags=0]
06-03 14:39:10.080   542  1097 W MagnificationConnectionManager: requestConnection duplicated request: connect=false, mConnectionState=DISCONNECTED
06-03 14:39:10.081   542   542 D BatterySaverPolicy: accessibility changed to true, updating policy.
06-03 14:39:10.082  1024  1083 D AccessibilitySourceService: enabled a11y services count 0
06-03 14:39:10.082  1024  1083 D AccessibilitySourceService: a11y source sending 0 issue to sc
06-03 14:39:10.083   542  1097 D SafetySourceDataValidat: No cert check requested for package com.android.permissioncontroller
06-03 14:39:10.210   542  1097 W BestClock: java.time.DateTimeException: Missing network time fix
06-03 14:39:10.210   542  1097 W BestClock: java.time.DateTimeException: Missing network time fix
06-03 14:39:10.211   542  1097 W BestClock: java.time.DateTimeException: Missing network time fix
06-03 14:39:10.822   542  1366 E TaskPersister: File error accessing recents directory (directory doesn't exist?).
06-03 14:39:11.110  2196  2212 D EGL_emulation: app_time_stats: avg=656.71ms min=15.26ms max=2400.76ms count=4
06-03 14:39:11.143  2233  2233 W AccessibilityNodeInfoDumper: Fetch time: 55ms
06-03 14:39:11.144   542  1097 W MagnificationConnectionManager: requestConnection duplicated request: connect=false, mConnectionState=DISCONNECTED
06-03 14:39:11.144   542  1097 D AccessibilityManagerService: restoreCurrentUserForTestAutomationIfNeededLocked(): ignoring because device doesn't support visible background users
06-03 14:39:11.144   542   542 D BatterySaverPolicy: accessibility changed to false, updating policy.
06-03 14:39:11.145  2233  2233 D AndroidRuntime: Shutting down VM
06-03 14:39:11.216   542   643 W BestClock: java.time.DateTimeException: Missing network time fix
06-03 14:39:11.216   542   643 W BestClock: java.time.DateTimeException: Missing network time fix
06-03 14:39:11.217   542   643 W BestClock: java.time.DateTimeException: Missing network time fix
06-03 14:39:12.199   355  2172 I resolv  : res_nsend: used send_dg 0 terrno: 110
06-03 14:39:12.199   355  2166 I resolv  : res_nsend: used send_dg 0 terrno: 110
06-03 14:39:12.199   355  2165 I resolv  : res_nsend: used send_dg 0 terrno: 110
06-03 14:39:12.199   355  2169 I resolv  : res_nsend: used send_dg 0 terrno: 110
06-03 14:39:12.201   355  2171 I resolv  : res_nsend: used send_dg 0 terrno: 110
06-03 14:39:12.201   355  2170 I resolv  : res_nsend: used send_dg 0 terrno: 110
06-03 14:39:12.218   542   561 W BestClock: java.time.DateTimeException: Missing network time fix
06-03 14:39:12.219   542   561 W BestClock: java.time.DateTimeException: Missing network time fix
06-03 14:39:12.219   542   561 W BestClock: java.time.DateTimeException: Missing network time fix
06-03 14:39:13.224   542   561 W BestClock: java.time.DateTimeException: Missing network time fix
06-03 14:39:13.224   542   561 W BestClock: java.time.DateTimeException: Missing network time fix
06-03 14:39:13.225   542   561 W BestClock: java.time.DateTimeException: Missing network time fix
06-03 14:39:13.848  2196  2249 D ProfileInstaller: Installing profile for ru.poryadok5.app
06-03 14:39:14.230   542   561 W BestClock: java.time.DateTimeException: Missing network time fix
06-03 14:39:14.230   542   561 W BestClock: java.time.DateTimeException: Missing network time fix
06-03 14:39:14.231   542   561 W BestClock: java.time.DateTimeException: Missing network time fix
06-03 14:39:15.241   542   561 W BestClock: java.time.DateTimeException: Missing network time fix
06-03 14:39:15.242   542   561 W BestClock: java.time.DateTimeException: Missing network time fix
06-03 14:39:15.243   542   561 W BestClock: java.time.DateTimeException: Missing network time fix
06-03 14:39:16.244   542   561 W BestClock: java.time.DateTimeException: Missing network time fix
06-03 14:39:16.245   542   561 W BestClock: java.time.DateTimeException: Missing network time fix
06-03 14:39:16.245   542   561 W BestClock: java.time.DateTimeException: Missing network time fix
06-03 14:39:17.204   355  2165 I resolv  : res_nsend: used send_dg 0 terrno: 110
06-03 14:39:17.204   355  2165 I resolv  : doQuery: rcode=255, ancount=0, return value=-110
06-03 14:39:17.205   355  2171 I resolv  : res_nsend: used send_dg 0 terrno: 110
06-03 14:39:17.205   355  2171 I resolv  : doQuery: rcode=255, ancount=0, return value=-110
06-03 14:39:17.205   355  2169 I resolv  : res_nsend: used send_dg 0 terrno: 110
06-03 14:39:17.205   355  2166 I resolv  : res_nsend: used send_dg 0 terrno: 110
06-03 14:39:17.205   355  2169 I resolv  : doQuery: rcode=255, ancount=0, return value=-110
06-03 14:39:17.205   355  2166 I resolv  : doQuery: rcode=255, ancount=0, return value=-110
06-03 14:39:17.205   355  2172 I resolv  : res_nsend: used send_dg 0 terrno: 110
06-03 14:39:17.205   355  2170 I resolv  : res_nsend: used send_dg 0 terrno: 110
06-03 14:39:17.205   355  2170 I resolv  : doQuery: rcode=255, ancount=0, return value=-110
06-03 14:39:17.205   355  2172 I resolv  : doQuery: rcode=255, ancount=0, return value=-110
06-03 14:39:17.205   873  2157 D NetworkMonitor/100: PROBE_FALLBACK http://www.google.com/gen_204 Probe failed with exception java.net.UnknownHostException: Unable to resolve host "www.google.com": No address associated with hostname
06-03 14:39:17.205   873  2159 D NetworkMonitor/100: PROBE_HTTP http://connectivitycheck.gstatic.com/generate_204 Probe failed with exception java.net.UnknownHostException: Unable to resolve host "connectivitycheck.gstatic.com": No address associated with hostname
06-03 14:39:17.205   873  2158 D NetworkMonitor/100: PROBE_HTTPS https://www.google.com/generate_204 Probe failed with exception java.net.UnknownHostException: Unable to resolve host "www.google.com": No address associated with hostname
06-03 14:39:17.206   873  2157 D NetworkMonitor/100: isCaptivePortal: isSuccessful()=false isPortal()=false RedirectUrl=null isPartialConnectivity()=false Time=20032ms
06-03 14:39:17.206   542   723 D ConnectivityService: [100 CELLULAR] validation failed
06-03 14:39:17.249   542   561 W BestClock: java.time.DateTimeException: Missing network time fix
06-03 14:39:17.250   542   561 W BestClock: java.time.DateTimeException: Missing network time fix
06-03 14:39:17.250   542   561 W BestClock: java.time.DateTimeException: Missing network time fix
06-03 14:39:17.816   542   669 D ActivityManager: freezing 1850 com.android.documentsui
06-03 14:39:17.816   542   669 D ActivityManager: freezing 1024 com.android.permissioncontroller
06-03 14:39:17.816   542   723 D InetDiagMessage: Destroyed 0 sockets, proto=IPPROTO_TCP, family=AF_INET, states=14
06-03 14:39:17.816   542   723 D InetDiagMessage: Destroyed 0 sockets, proto=IPPROTO_TCP, family=AF_INET6, states=14
06-03 14:39:17.816   542   723 D InetDiagMessage: Destroyed live tcp sockets for uids={10069} in 0ms
06-03 14:39:17.824   542   723 D InetDiagMessage: Destroyed 0 sockets, proto=IPPROTO_TCP, family=AF_INET, states=14
06-03 14:39:17.825   542   723 D InetDiagMessage: Destroyed 0 sockets, proto=IPPROTO_TCP, family=AF_INET6, states=14
06-03 14:39:17.825   542   723 D InetDiagMessage: Destroyed live tcp sockets for uids={10133} in 0ms
06-03 14:39:18.253   542   561 W BestClock: java.time.DateTimeException: Missing network time fix
06-03 14:39:18.254   542   561 W BestClock: java.time.DateTimeException: Missing network time fix
06-03 14:39:18.254   542   561 W BestClock: java.time.DateTimeException: Missing network time fix
06-03 14:39:18.292   186  2179 I keystore2: system/security/keystore2/watchdog/src/lib.rs:319 - Watchdog thread idle -> terminating. Have a great day.
06-03 14:39:19.260   542   561 W BestClock: java.time.DateTimeException: Missing network time fix
06-03 14:39:19.261   542   561 W BestClock: java.time.DateTimeException: Missing network time fix
06-03 14:39:19.261   542   561 W BestClock: java.time.DateTimeException: Missing network time fix
06-03 14:39:19.372   355  2250 I resolv  : GetAddrInfoHandler::run: {100 983140 100 983140 1000 1}
06-03 14:39:19.372   355  2252 I resolv  : res_nmkquery: (QUERY, IN, A)
06-03 14:39:19.372   355  2251 I resolv  : res_nmkquery: (QUERY, IN, AAAA)
06-03 14:39:19.372   355  2251 I resolv  : res_stats_usable_server: too many resolution errors, ignoring server
06-03 14:39:19.375   355  2252 I resolv  : res_stats_usable_server: too many resolution errors, ignoring server
06-03 14:39:19.634   542   669 D ActivityManager: freezing 1431 com.android.keychain
06-03 14:39:19.634   542   669 D ActivityManager: freezing 955 com.android.settings
06-03 14:39:19.634   542   669 D ActivityManager: freezing 1774 com.android.localtransport
06-03 14:39:19.634   542   669 D ActivityManager: freezing 1590 com.android.dynsystem:dynsystem
06-03 14:39:19.634   542   669 D ActivityManager: freezing 1574 com.android.dynsystem
06-03 14:39:20.272   542   561 W BestClock: java.time.DateTimeException: Missing network time fix
06-03 14:39:20.272   542   561 W BestClock: java.time.DateTimeException: Missing network time fix
06-03 14:39:20.273   542   561 W BestClock: java.time.DateTimeException: Missing network time fix
06-03 14:39:21.276   542   561 W BestClock: java.time.DateTimeException: Missing network time fix
06-03 14:39:21.276   542   561 W BestClock: java.time.DateTimeException: Missing network time fix
06-03 14:39:21.277   542   561 W BestClock: java.time.DateTimeException: Missing network time fix
06-03 14:39:22.278   542   561 W BestClock: java.time.DateTimeException: Missing network time fix
06-03 14:39:22.278   542   561 W BestClock: java.time.DateTimeException: Missing network time fix
06-03 14:39:22.279   542   561 W BestClock: java.time.DateTimeException: Missing network time fix
06-03 14:39:22.769  2196  2212 D EGL_emulation: app_time_stats: avg=11659.74ms min=11659.74ms max=11659.74ms count=1
06-03 14:39:22.792   369   369 W healthd : battery l=100 v=5000 t=25.0 h=2 st=2 c=900000 fc=3000000 cc=10 chg=a
06-03 14:39:23.281   542   643 W BestClock: java.time.DateTimeException: Missing network time fix
06-03 14:39:23.281   542   643 W BestClock: java.time.DateTimeException: Missing network time fix
06-03 14:39:23.282   542   643 W BestClock: java.time.DateTimeException: Missing network time fix
06-03 14:39:23.441   542   542 I ResourceTimer: GetResourceValue count=1798 pvalues=1000,4000,6000,11000
06-03 14:39:23.441   542   542 I ResourceTimer: RetrieveAttributes count=2849 pvalues=1000,1000,1000,2000
06-03 14:39:23.828  2261  2261 W BpBinder: Linking to death on android.gui.ISurfaceComposer but there are no threads (yet?) listening to incoming transactions. See ProcessState::startThreadPool and ProcessState::setThreadPoolMaxThreadCount. Generally you should setup the binder threadpool before other initialization steps.
06-03 14:39:23.828  2261  2261 W ProcessState: Extra binder thread started, but 0 threads requested. Do not use *startThreadPool when zero threads are requested.
06-03 14:39:23.834   157   157 I hwservicemanager: getTransport: Cannot find entry android.hardware.graphics.mapper@4.0::IMapper/default in either framework or device VINTF manifest.
06-03 14:39:23.834  2261  2262 I Gralloc4: mapper 4.x is not supported
06-03 14:39:23.835   156   156 I servicemanager: Caller(pid=2261,uid=2000,sid=u:r:shell:s0) Could not find android.hardware.graphics.allocator.IAllocator/default in the VINTF manifest. No alternative instances declared in VINTF.
06-03 14:39:23.958  2263  2263 D AndroidRuntime: >>>>>> START com.android.internal.os.RuntimeInit uid 2000 <<<<<<
06-03 14:39:23.960  2263  2263 I AndroidRuntime: Using default boot image
06-03 14:39:23.960  2263  2263 I AndroidRuntime: Leaving lock profiling enabled
06-03 14:39:23.961  2263  2263 I app_process: Core platform API reporting enabled, enforcing=false
06-03 14:39:23.961  2263  2263 I app_process: Using CollectorTypeCMC GC.
06-03 14:39:23.986  2263  2263 D nativeloader: InitDefaultPublicLibraries for_preload=1: libandroid.so:libaaudio.so:libamidi.so:libbinder_ndk.so:libc.so:libcamera2ndk.so:libdl.so:libEGL.so:libGLESv1_CM.so:libGLESv2.so:libGLESv3.so:libicu.so:libicui18n.so:libicuuc.so:libjnigraphics.so:liblog.so:libmediandk.so:libm.so:libnativehelper.so:libnativewindow.so:libOpenMAXAL.so:libOpenSLES.so:libRS.so:libstdc++.so:libsync.so:libvulkan.so:libwebviewchromium_plat_support.so:libz.so
06-03 14:39:23.989  2263  2263 D nativeloader: Load libicu_jni.so using APEX ns com_android_art for caller /apex/com.android.art/javalib/core-oj.jar: ok
06-03 14:39:23.989  2263  2263 D app_process: u_setTimeZoneFilesDirectory("/apex/com.android.tzdata/etc/tz/versioned/8/icu") succeeded. 
06-03 14:39:23.989  2263  2263 D app_process: I18n APEX ICU file found: /apex/com.android.i18n/etc/icu/icudt75l.dat
06-03 14:39:23.989  2263  2263 D nativeloader: Load libjavacore.so using APEX ns com_android_art for caller /apex/com.android.art/javalib/core-oj.jar: ok
06-03 14:39:23.990  2263  2263 D nativeloader: Load libopenjdk.so using APEX ns com_android_art for caller /apex/com.android.art/javalib/core-oj.jar: ok
06-03 14:39:23.991  2263  2263 W app_process: ClassLoaderContext shared library size mismatch. Expected=2, found=0 (PCL[]{PCL[/system/framework/android.test.base.jar*724373495]#PCL[/system/framework/android.test.mock.jar*1452759902]} | PCL[])
06-03 14:39:23.991  2263  2263 W app_process: ClassLoaderContext classpath size mismatch. expected=0, found=1 (PCL[]{PCL[/system/framework/android.test.runner.jar*2496447986]#PCL[/system/framework/android.test.base.jar*724373495]} | PCL[/system/framework/android.test.runner.jar*2496447986])
06-03 14:39:23.998  2263  2263 D nativeloader: Load libframework-connectivity-tiramisu-jni.so using APEX ns com_android_tethering for caller /apex/com.android.tethering/javalib/framework-connectivity-t.jar: ok
06-03 14:39:23.998  2263  2263 D AndroidRuntime: Calling main entry com.android.commands.uiautomator.Launcher
06-03 14:39:23.999  2263  2263 D UiAutomationConnection: Created on user UserHandle{0}
06-03 14:39:23.999  2263  2263 I UiAutomation: Initialized for user 0 on display 0
06-03 14:39:23.999  2263  2263 W UiAutomation: Created with deprecatead constructor, assumes DEFAULT_DISPLAY
06-03 14:39:24.000   542   643 D AccessibilityManagerService: changeCurrentUserForTestAutomationIfNeededLocked(0): ignoring because device doesn't support visible background users
06-03 14:39:24.000   542   643 I UiAutomationManager: Registering UiTestAutomationService (id=com.android.server.accessibility/UiAutomation, flags=0x0) when called by user 0
06-03 14:39:24.000   542   643 W MagnificationConnectionManager: requestConnection duplicated request: connect=false, mConnectionState=DISCONNECTED
06-03 14:39:24.000   542   542 W IPCThreadState: Sending oneway calls to frozen process.
06-03 14:39:24.000   542   542 W IPCThreadState: Sending oneway calls to frozen process.
06-03 14:39:24.000   542   542 W IPCThreadState: Sending oneway calls to frozen process.
06-03 14:39:24.001   542   542 W IPCThreadState: Sending oneway calls to frozen process.
06-03 14:39:24.001   542   542 W IPCThreadState: Sending oneway calls to frozen process.
06-03 14:39:24.001   542   542 W IPCThreadState: Sending oneway calls to frozen process.
06-03 14:39:24.001   542   542 W IPCThreadState: Sending oneway calls to frozen process.
06-03 14:39:24.001   542   542 W IPCThreadState: Sending oneway calls to frozen process.
06-03 14:39:24.001   542   542 W IPCThreadState: Sending oneway calls to frozen process.
06-03 14:39:24.001   542   542 D BatterySaverPolicy: accessibility changed to true, updating policy.
06-03 14:39:24.001  2263  2275 V UiAutomation: Init UiAutomation@c2130b2[id=6, displayId=0, flags=0]
06-03 14:39:24.001   542   849 W MagnificationConnectionManager: requestConnection duplicated request: connect=false, mConnectionState=DISCONNECTED
06-03 14:39:24.001   542   542 W IPCThreadState: Sending oneway calls to frozen process.
06-03 14:39:24.002   542   542 W IPCThreadState: Sending oneway calls to frozen process.
06-03 14:39:24.002   542   542 W IPCThreadState: Sending oneway calls to frozen process.
06-03 14:39:24.002   542   542 W IPCThreadState: Sending oneway calls to frozen process.
06-03 14:39:24.002   542   542 W IPCThreadState: Sending oneway calls to frozen process.
06-03 14:39:24.002   542   542 W IPCThreadState: Sending oneway calls to frozen process.
06-03 14:39:24.286   542  2155 W BestClock: java.time.DateTimeException: Missing network time fix
06-03 14:39:24.287   542  2155 W BestClock: java.time.DateTimeException: Missing network time fix
06-03 14:39:24.288   542  2155 W BestClock: java.time.DateTimeException: Missing network time fix
06-03 14:39:24.374   355  2251 I resolv  : res_nsend: used send_dg 0 terrno: 110
06-03 14:39:24.378   355  2252 I resolv  : res_nsend: used send_dg 0 terrno: 110
06-03 14:39:24.903   542   596 I DropBoxManagerService: add tag=system_server_strictmode isTagEnabled=true flags=0x2
06-03 14:39:24.903   542   596 I DropBoxManagerService: add tag=system_server_strictmode isTagEnabled=true flags=0x2
06-03 14:39:24.904   542   596 I DropBoxManagerService: add tag=system_server_strictmode isTagEnabled=true flags=0x2
06-03 14:39:24.904   542   596 I DropBoxManagerService: add tag=system_server_strictmode isTagEnabled=true flags=0x2
06-03 14:39:24.904   542   596 I DropBoxManagerService: add tag=system_server_strictmode isTagEnabled=true flags=0x2
06-03 14:39:24.904   542   596 I DropBoxManagerService: add tag=system_server_strictmode isTagEnabled=true flags=0x2
06-03 14:39:24.904   542   596 I DropBoxManagerService: add tag=system_server_strictmode isTagEnabled=true flags=0x2
06-03 14:39:24.904   542   596 I DropBoxManagerService: add tag=system_server_strictmode isTagEnabled=true flags=0x2
06-03 14:39:24.905   542   596 I DropBoxManagerService: add tag=system_server_strictmode isTagEnabled=true flags=0x2
06-03 14:39:24.905   542   596 I DropBoxManagerService: add tag=system_server_strictmode isTagEnabled=true flags=0x2
06-03 14:39:25.044  2263  2263 W AccessibilityNodeInfoDumper: Fetch time: 38ms
06-03 14:39:25.045   542  2155 W MagnificationConnectionManager: requestConnection duplicated request: connect=false, mConnectionState=DISCONNECTED
06-03 14:39:25.045   542  2155 D AccessibilityManagerService: restoreCurrentUserForTestAutomationIfNeededLocked(): ignoring because device doesn't support visible background users
06-03 14:39:25.046   542   542 W IPCThreadState: Sending oneway calls to frozen process.
06-03 14:39:25.046   542   542 W IPCThreadState: Sending oneway calls to frozen process.
06-03 14:39:25.046   542   542 W IPCThreadState: Sending oneway calls to frozen process.
06-03 14:39:25.046   542   542 W IPCThreadState: Sending oneway calls to frozen process.
06-03 14:39:25.046   542   542 W IPCThreadState: Sending oneway calls to frozen process.
06-03 14:39:25.046  2263  2263 D AndroidRuntime: Shutting down VM
06-03 14:39:25.046   542   542 W IPCThreadState: Sending oneway calls to frozen process.
06-03 14:39:25.046   542   542 W IPCThreadState: Sending oneway calls to frozen process.
06-03 14:39:25.046   542   542 W IPCThreadState: Sending oneway calls to frozen process.
06-03 14:39:25.046   542   542 W IPCThreadState: Sending oneway calls to frozen process.
06-03 14:39:25.046   542   542 D BatterySaverPolicy: accessibility changed to false, updating policy.
06-03 14:39:25.291   542   561 W BestClock: java.time.DateTimeException: Missing network time fix
06-03 14:39:25.292   542   561 W BestClock: java.time.DateTimeException: Missing network time fix
06-03 14:39:25.293   542   561 W BestClock: java.time.DateTimeException: Missing network time fix
06-03 14:39:26.296   542   561 W BestClock: java.time.DateTimeException: Missing network time fix
06-03 14:39:26.296   542   561 W BestClock: java.time.DateTimeException: Missing network time fix
06-03 14:39:26.297   542   561 W BestClock: java.time.DateTimeException: Missing network time fix
06-03 14:39:27.299   542   561 W BestClock: java.time.DateTimeException: Missing network time fix
06-03 14:39:27.300   542   561 W BestClock: java.time.DateTimeException: Missing network time fix
06-03 14:39:27.300   542   561 W BestClock: java.time.DateTimeException: Missing network time fix
06-03 14:39:28.304   542   561 W BestClock: java.time.DateTimeException: Missing network time fix
06-03 14:39:28.304   542   561 W BestClock: java.time.DateTimeException: Missing network time fix
06-03 14:39:28.305   542   561 W BestClock: java.time.DateTimeException: Missing network time fix
06-03 14:39:29.308   542   561 W BestClock: java.time.DateTimeException: Missing network time fix
06-03 14:39:29.308   542   561 W BestClock: java.time.DateTimeException: Missing network time fix
06-03 14:39:29.309   542   561 W BestClock: java.time.DateTimeException: Missing network time fix
06-03 14:39:29.380   355  2251 I resolv  : res_nsend: used send_dg 0 terrno: 110
06-03 14:39:29.380   355  2251 I resolv  : doQuery: rcode=255, ancount=0, return value=-110
06-03 14:39:29.385   355  2252 I resolv  : res_nsend: used send_dg 0 terrno: 110
06-03 14:39:29.385   355  2252 I resolv  : doQuery: rcode=255, ancount=0, return value=-110
06-03 14:39:29.385   542   752 W SntpClient: Unknown host: time.android.com
06-03 14:39:29.385   542   752 D SntpClient: request time failed
06-03 14:39:29.935   542   716 E WifiScoringParams: Invalid frequency(-1), using 5G as default rssi array
06-03 14:39:30.312   542   643 W BestClock: java.time.DateTimeException: Missing network time fix
06-03 14:39:30.313   542   643 W BestClock: java.time.DateTimeException: Missing network time fix
06-03 14:39:30.315   542   643 W BestClock: java.time.DateTimeException: Missing network time fix
06-03 14:39:31.318   542   643 W BestClock: java.time.DateTimeException: Missing network time fix
06-03 14:39:31.319   542   643 W BestClock: java.time.DateTimeException: Missing network time fix
06-03 14:39:31.320   542   643 W BestClock: java.time.DateTimeException: Missing network time fix
06-03 14:39:32.327   542   643 W BestClock: java.time.DateTimeException: Missing network time fix
06-03 14:39:32.328   542   643 W BestClock: java.time.DateTimeException: Missing network time fix
06-03 14:39:32.329   542   643 W BestClock: java.time.DateTimeException: Missing network time fix
06-03 14:39:33.336   542   643 W BestClock: java.time.DateTimeException: Missing network time fix
06-03 14:39:33.336   542   643 W BestClock: java.time.DateTimeException: Missing network time fix
06-03 14:39:33.337   542   643 W BestClock: java.time.DateTimeException: Missing network time fix
06-03 14:39:33.739   542   643 D WifiNl80211Manager: Scan result ready event
06-03 14:39:33.739   542   643 D WifiNative: Scan result ready event
06-03 14:39:33.742   542   716 I HalDevMgr: bestIfaceCreationProposal is null, requestIface=STA, existingIface=[name=wlan0 type=STA]
06-03 14:39:34.348   542   561 W BestClock: java.time.DateTimeException: Missing network time fix
06-03 14:39:34.348   542   561 W BestClock: java.time.DateTimeException: Missing network time fix
06-03 14:39:34.348   542   561 W BestClock: java.time.DateTimeException: Missing network time fix
06-03 14:39:35.356   542   562 W BestClock: java.time.DateTimeException: Missing network time fix
06-03 14:39:35.356   542   562 W BestClock: java.time.DateTimeException: Missing network time fix
06-03 14:39:35.358   542   562 W BestClock: java.time.DateTimeException: Missing network time fix
06-03 14:39:36.063   806   996 D EGL_emulation: app_time_stats: avg=2813.85ms min=6.14ms max=28018.05ms count=10
06-03 14:39:36.367   542   562 W BestClock: java.time.DateTimeException: Missing network time fix
06-03 14:39:36.368   542   562 W BestClock: java.time.DateTimeException: Missing network time fix
06-03 14:39:36.369   542   562 W BestClock: java.time.DateTimeException: Missing network time fix
06-03 14:39:36.479  2196  2196 W WindowOnBackDispatcher: OnBackInvokedCallback is not enabled for the application.
06-03 14:39:36.479  2196  2196 W WindowOnBackDispatcher: Set 'android:enableOnBackInvokedCallback="true"' in the application manifest.
06-03 14:39:36.494  2196  2212 D EGL_emulation: app_time_stats: avg=1524.35ms min=7.77ms max=13579.29ms count=9
06-03 14:39:37.375   542   562 W BestClock: java.time.DateTimeException: Missing network time fix
06-03 14:39:37.376   542   562 W BestClock: java.time.DateTimeException: Missing network time fix
06-03 14:39:37.377   542   562 W BestClock: java.time.DateTimeException: Missing network time fix
06-03 14:39:37.517  2196  2212 D EGL_emulation: app_time_stats: avg=1023.19ms min=1023.19ms max=1023.19ms count=1
06-03 14:39:37.538  2287  2287 W BpBinder: Linking to death on android.gui.ISurfaceComposer but there are no threads (yet?) listening to incoming transactions. See ProcessState::startThreadPool and ProcessState::setThreadPoolMaxThreadCount. Generally you should setup the binder threadpool before other initialization steps.
06-03 14:39:37.538  2287  2287 W ProcessState: Extra binder thread started, but 0 threads requested. Do not use *startThreadPool when zero threads are requested.
06-03 14:39:37.544   157   157 I hwservicemanager: getTransport: Cannot find entry android.hardware.graphics.mapper@4.0::IMapper/default in either framework or device VINTF manifest.
06-03 14:39:37.544  2287  2288 I Gralloc4: mapper 4.x is not supported
06-03 14:39:37.544   156   156 I servicemanager: Caller(pid=2287,uid=2000,sid=u:r:shell:s0) Could not find android.hardware.graphics.allocator.IAllocator/default in the VINTF manifest. No alternative instances declared in VINTF.
06-03 14:39:37.660  2289  2289 D AndroidRuntime: >>>>>> START com.android.internal.os.RuntimeInit uid 2000 <<<<<<
06-03 14:39:37.662  2289  2289 I AndroidRuntime: Using default boot image
06-03 14:39:37.662  2289  2289 I AndroidRuntime: Leaving lock profiling enabled
06-03 14:39:37.663  2289  2289 I app_process: Core platform API reporting enabled, enforcing=false
06-03 14:39:37.663  2289  2289 I app_process: Using CollectorTypeCMC GC.
06-03 14:39:37.687  2289  2289 D nativeloader: InitDefaultPublicLibraries for_preload=1: libandroid.so:libaaudio.so:libamidi.so:libbinder_ndk.so:libc.so:libcamera2ndk.so:libdl.so:libEGL.so:libGLESv1_CM.so:libGLESv2.so:libGLESv3.so:libicu.so:libicui18n.so:libicuuc.so:libjnigraphics.so:liblog.so:libmediandk.so:libm.so:libnativehelper.so:libnativewindow.so:libOpenMAXAL.so:libOpenSLES.so:libRS.so:libstdc++.so:libsync.so:libvulkan.so:libwebviewchromium_plat_support.so:libz.so
06-03 14:39:37.691  2289  2289 D nativeloader: Load libicu_jni.so using APEX ns com_android_art for caller /apex/com.android.art/javalib/core-oj.jar: ok
06-03 14:39:37.691  2289  2289 D app_process: u_setTimeZoneFilesDirectory("/apex/com.android.tzdata/etc/tz/versioned/8/icu") succeeded. 
06-03 14:39:37.691  2289  2289 D app_process: I18n APEX ICU file found: /apex/com.android.i18n/etc/icu/icudt75l.dat
06-03 14:39:37.691  2289  2289 D nativeloader: Load libjavacore.so using APEX ns com_android_art for caller /apex/com.android.art/javalib/core-oj.jar: ok
06-03 14:39:37.692  2289  2289 D nativeloader: Load libopenjdk.so using APEX ns com_android_art for caller /apex/com.android.art/javalib/core-oj.jar: ok
06-03 14:39:37.692  2289  2289 W app_process: ClassLoaderContext shared library size mismatch. Expected=2, found=0 (PCL[]{PCL[/system/framework/android.test.base.jar*724373495]#PCL[/system/framework/android.test.mock.jar*1452759902]} | PCL[])
06-03 14:39:37.693  2289  2289 W app_process: ClassLoaderContext classpath size mismatch. expected=0, found=1 (PCL[]{PCL[/system/framework/android.test.runner.jar*2496447986]#PCL[/system/framework/android.test.base.jar*724373495]} | PCL[/system/framework/android.test.runner.jar*2496447986])
06-03 14:39:37.699  2289  2289 D nativeloader: Load libframework-connectivity-tiramisu-jni.so using APEX ns com_android_tethering for caller /apex/com.android.tethering/javalib/framework-connectivity-t.jar: ok
06-03 14:39:37.699  2289  2289 D AndroidRuntime: Calling main entry com.android.commands.uiautomator.Launcher
06-03 14:39:37.700  2289  2289 D UiAutomationConnection: Created on user UserHandle{0}
06-03 14:39:37.700  2289  2289 I UiAutomation: Initialized for user 0 on display 0
06-03 14:39:37.700  2289  2289 W UiAutomation: Created with deprecatead constructor, assumes DEFAULT_DISPLAY
06-03 14:39:37.701   542   562 D AccessibilityManagerService: changeCurrentUserForTestAutomationIfNeededLocked(0): ignoring because device doesn't support visible background users
06-03 14:39:37.701   542   562 I UiAutomationManager: Registering UiTestAutomationService (id=com.android.server.accessibility/UiAutomation, flags=0x0) when called by user 0
06-03 14:39:37.701   542   562 W MagnificationConnectionManager: requestConnection duplicated request: connect=false, mConnectionState=DISCONNECTED
06-03 14:39:37.702   542   542 W IPCThreadState: Sending oneway calls to frozen process.
06-03 14:39:37.702   542   542 W IPCThreadState: Sending oneway calls to frozen process.
06-03 14:39:37.702   542   542 W IPCThreadState: Sending oneway calls to frozen process.
06-03 14:39:37.702   542   542 W IPCThreadState: Sending oneway calls to frozen process.
06-03 14:39:37.702   542   542 W IPCThreadState: Sending oneway calls to frozen process.
06-03 14:39:37.702   542   542 W IPCThreadState: Sending oneway calls to frozen process.
06-03 14:39:37.702   542   542 W IPCThreadState: Sending oneway calls to frozen process.
06-03 14:39:37.702   542   542 W IPCThreadState: Sending oneway calls to frozen process.
06-03 14:39:37.702   542   542 W IPCThreadState: Sending oneway calls to frozen process.
06-03 14:39:37.702   542   542 D BatterySaverPolicy: accessibility changed to true, updating policy.
06-03 14:39:37.702  2289  2301 V UiAutomation: Init UiAutomation@84df330[id=7, displayId=0, flags=0]
06-03 14:39:37.703   542  2155 W MagnificationConnectionManager: requestConnection duplicated request: connect=false, mConnectionState=DISCONNECTED
06-03 14:39:37.703   542   542 W IPCThreadState: Sending oneway calls to frozen process.
06-03 14:39:37.703   542   542 W IPCThreadState: Sending oneway calls to frozen process.
06-03 14:39:37.703   542   542 W IPCThreadState: Sending oneway calls to frozen process.
06-03 14:39:37.705   542   542 W IPCThreadState: Sending oneway calls to frozen process.
06-03 14:39:37.705   542   542 W IPCThreadState: Sending oneway calls to frozen process.
06-03 14:39:37.705   542   542 W IPCThreadState: Sending oneway calls to frozen process.
06-03 14:39:38.382   542   561 W BestClock: java.time.DateTimeException: Missing network time fix
06-03 14:39:38.382   542   561 W BestClock: java.time.DateTimeException: Missing network time fix
06-03 14:39:38.383   542   561 W BestClock: java.time.DateTimeException: Missing network time fix
06-03 14:39:38.536  2196  2212 D EGL_emulation: app_time_stats: avg=509.38ms min=13.28ms max=1005.49ms count=2
06-03 14:39:38.721  2196  2196 D CompatChangeReporter: Compat change id reported: 270674727; UID 10163; state: ENABLED
06-03 14:39:38.737  2289  2289 W AccessibilityNodeInfoDumper: Fetch time: 23ms
06-03 14:39:38.739   542   561 W MagnificationConnectionManager: requestConnection duplicated request: connect=false, mConnectionState=DISCONNECTED
06-03 14:39:38.739   542   561 D AccessibilityManagerService: restoreCurrentUserForTestAutomationIfNeededLocked(): ignoring because device doesn't support visible background users
06-03 14:39:38.739   542   542 W IPCThreadState: Sending oneway calls to frozen process.
06-03 14:39:38.739   542   542 W IPCThreadState: Sending oneway calls to frozen process.
06-03 14:39:38.739   542   542 W IPCThreadState: Sending oneway calls to frozen process.
06-03 14:39:38.739   542   542 W IPCThreadState: Sending oneway calls to frozen process.
06-03 14:39:38.739  2289  2289 D AndroidRuntime: Shutting down VM
06-03 14:39:38.739   542   542 W IPCThreadState: Sending oneway calls to frozen process.
06-03 14:39:38.739   542   542 W IPCThreadState: Sending oneway calls to frozen process.
06-03 14:39:38.739   542   542 W IPCThreadState: Sending oneway calls to frozen process.
06-03 14:39:38.739   542   542 W IPCThreadState: Sending oneway calls to frozen process.
06-03 14:39:38.739   542   542 W IPCThreadState: Sending oneway calls to frozen process.
06-03 14:39:38.739   542   542 D BatterySaverPolicy: accessibility changed to false, updating policy.
06-03 14:39:39.387   542   561 W BestClock: java.time.DateTimeException: Missing network time fix
06-03 14:39:39.388   542   561 W BestClock: java.time.DateTimeException: Missing network time fix
06-03 14:39:39.390   542   561 W BestClock: java.time.DateTimeException: Missing network time fix
06-03 14:39:39.553  2196  2212 D EGL_emulation: app_time_stats: avg=508.52ms min=12.78ms max=1004.27ms count=2
06-03 14:39:40.397   542   561 W BestClock: java.time.DateTimeException: Missing network time fix
06-03 14:39:40.397   542   561 W BestClock: java.time.DateTimeException: Missing network time fix
06-03 14:39:40.399   542   561 W BestClock: java.time.DateTimeException: Missing network time fix
06-03 14:39:40.571  2196  2212 D EGL_emulation: app_time_stats: avg=509.04ms min=13.25ms max=1004.84ms count=2
06-03 14:39:41.404   542   561 W BestClock: java.time.DateTimeException: Missing network time fix
06-03 14:39:41.405   542   561 W BestClock: java.time.DateTimeException: Missing network time fix
06-03 14:39:41.406   542   561 W BestClock: java.time.DateTimeException: Missing network time fix
06-03 14:39:41.586  2196  2212 D EGL_emulation: app_time_stats: avg=507.18ms min=12.78ms max=1001.58ms count=2
06-03 14:39:42.410   542   561 W BestClock: java.time.DateTimeException: Missing network time fix
06-03 14:39:42.411   542   561 W BestClock: java.time.DateTimeException: Missing network time fix
06-03 14:39:42.412   542   561 W BestClock: java.time.DateTimeException: Missing network time fix
06-03 14:39:42.598  2196  2212 D EGL_emulation: app_time_stats: avg=505.89ms min=14.44ms max=997.33ms count=2
06-03 14:39:43.415   542   561 W BestClock: java.time.DateTimeException: Missing network time fix
06-03 14:39:43.417   542   561 W BestClock: java.time.DateTimeException: Missing network time fix
06-03 14:39:43.418   542   561 W BestClock: java.time.DateTimeException: Missing network time fix
06-03 14:39:43.615  2196  2212 D EGL_emulation: app_time_stats: avg=508.62ms min=17.47ms max=999.76ms count=2
06-03 14:39:44.425   542   561 W BestClock: java.time.DateTimeException: Missing network time fix
06-03 14:39:44.425   542   561 W BestClock: java.time.DateTimeException: Missing network time fix
06-03 14:39:44.426   542   561 W BestClock: java.time.DateTimeException: Missing network time fix
06-03 14:39:44.650  2196  2212 D EGL_emulation: app_time_stats: avg=517.72ms min=15.21ms max=1020.23ms count=2
06-03 14:39:45.434   542   561 W BestClock: java.time.DateTimeException: Missing network time fix
06-03 14:39:45.434   542   561 W BestClock: java.time.DateTimeException: Missing network time fix
06-03 14:39:45.435   542   561 W BestClock: java.time.DateTimeException: Missing network time fix
06-03 14:39:45.667  2196  2212 D EGL_emulation: app_time_stats: avg=499.25ms min=14.00ms max=984.50ms count=2
06-03 14:39:46.438   542   561 W BestClock: java.time.DateTimeException: Missing network time fix
06-03 14:39:46.439   542   561 W BestClock: java.time.DateTimeException: Missing network time fix
06-03 14:39:46.441   542   561 W BestClock: java.time.DateTimeException: Missing network time fix
06-03 14:39:46.681  2196  2212 D EGL_emulation: app_time_stats: avg=337.84ms min=11.63ms max=985.29ms count=3
06-03 14:39:47.444   542   561 W BestClock: java.time.DateTimeException: Missing network time fix
06-03 14:39:47.444   542   561 W BestClock: java.time.DateTimeException: Missing network time fix
06-03 14:39:47.445   542   561 W BestClock: java.time.DateTimeException: Missing network time fix
06-03 14:39:47.682  2196  2212 D EGL_emulation: app_time_stats: avg=1001.56ms min=1001.56ms max=1001.56ms count=1
06-03 14:39:48.448   542   561 W BestClock: java.time.DateTimeException: Missing network time fix
06-03 14:39:48.449   542   561 W BestClock: java.time.DateTimeException: Missing network time fix
06-03 14:39:48.450   542   561 W BestClock: java.time.DateTimeException: Missing network time fix
06-03 14:39:48.700  2196  2212 D EGL_emulation: app_time_stats: avg=508.81ms min=15.87ms max=1001.75ms count=2
06-03 14:39:49.452   542   561 W BestClock: java.time.DateTimeException: Missing network time fix
06-03 14:39:49.452   542   561 W BestClock: java.time.DateTimeException: Missing network time fix
06-03 14:39:49.453   542   561 W BestClock: java.time.DateTimeException: Missing network time fix
06-03 14:39:49.714  2196  2212 D EGL_emulation: app_time_stats: avg=338.10ms min=11.72ms max=985.77ms count=3
06-03 14:39:50.458   542   561 W BestClock: java.time.DateTimeException: Missing network time fix
06-03 14:39:50.458   542   561 W BestClock: java.time.DateTimeException: Missing network time fix
06-03 14:39:50.460   542   561 W BestClock: java.time.DateTimeException: Missing network time fix
06-03 14:39:50.737  2196  2212 D EGL_emulation: app_time_stats: avg=1022.55ms min=1022.55ms max=1022.55ms count=1
06-03 14:39:51.462   542   561 W BestClock: java.time.DateTimeException: Missing network time fix
06-03 14:39:51.463   542   561 W BestClock: java.time.DateTimeException: Missing network time fix
06-03 14:39:51.464   542   561 W BestClock: java.time.DateTimeException: Missing network time fix
06-03 14:39:51.754  2196  2212 D EGL_emulation: app_time_stats: avg=508.33ms min=7.36ms max=1009.31ms count=2
06-03 14:39:52.470   542   643 W BestClock: java.time.DateTimeException: Missing network time fix
06-03 14:39:52.470   542   643 W BestClock: java.time.DateTimeException: Missing network time fix
06-03 14:39:52.471   542   643 W BestClock: java.time.DateTimeException: Missing network time fix
06-03 14:39:53.429  2312  2312 W BpBinder: Linking to death on android.gui.ISurfaceComposer but there are no threads (yet?) listening to incoming transactions. See ProcessState::startThreadPool and ProcessState::setThreadPoolMaxThreadCount. Generally you should setup the binder threadpool before other initialization steps.
06-03 14:39:53.429  2312  2312 W ProcessState: Extra binder thread started, but 0 threads requested. Do not use *startThreadPool when zero threads are requested.
06-03 14:39:53.435   157   157 I hwservicemanager: getTransport: Cannot find entry android.hardware.graphics.mapper@4.0::IMapper/default in either framework or device VINTF manifest.
06-03 14:39:53.435  2312  2313 I Gralloc4: mapper 4.x is not supported
06-03 14:39:53.436   156   156 I servicemanager: Caller(pid=2312,uid=2000,sid=u:r:shell:s0) Could not find android.hardware.graphics.allocator.IAllocator/default in the VINTF manifest. No alternative instances declared in VINTF.
06-03 14:39:53.473   542   643 W BestClock: java.time.DateTimeException: Missing network time fix
06-03 14:39:53.474   542   643 W BestClock: java.time.DateTimeException: Missing network time fix
06-03 14:39:53.474   542   643 W BestClock: java.time.DateTimeException: Missing network time fix
06-03 14:39:53.552  2314  2314 D AndroidRuntime: >>>>>> START com.android.internal.os.RuntimeInit uid 2000 <<<<<<
06-03 14:39:53.554  2314  2314 I AndroidRuntime: Using default boot image
06-03 14:39:53.554  2314  2314 I AndroidRuntime: Leaving lock profiling enabled
06-03 14:39:53.554  2314  2314 I app_process: Core platform API reporting enabled, enforcing=false
06-03 14:39:53.554  2314  2314 I app_process: Using CollectorTypeCMC GC.
06-03 14:39:53.578  2314  2314 D nativeloader: InitDefaultPublicLibraries for_preload=1: libandroid.so:libaaudio.so:libamidi.so:libbinder_ndk.so:libc.so:libcamera2ndk.so:libdl.so:libEGL.so:libGLESv1_CM.so:libGLESv2.so:libGLESv3.so:libicu.so:libicui18n.so:libicuuc.so:libjnigraphics.so:liblog.so:libmediandk.so:libm.so:libnativehelper.so:libnativewindow.so:libOpenMAXAL.so:libOpenSLES.so:libRS.so:libstdc++.so:libsync.so:libvulkan.so:libwebviewchromium_plat_support.so:libz.so
06-03 14:39:53.581  2314  2314 D nativeloader: Load libicu_jni.so using APEX ns com_android_art for caller /apex/com.android.art/javalib/core-oj.jar: ok
06-03 14:39:53.581  2314  2314 D app_process: u_setTimeZoneFilesDirectory("/apex/com.android.tzdata/etc/tz/versioned/8/icu") succeeded. 
06-03 14:39:53.581  2314  2314 D app_process: I18n APEX ICU file found: /apex/com.android.i18n/etc/icu/icudt75l.dat
06-03 14:39:53.581  2314  2314 D nativeloader: Load libjavacore.so using APEX ns com_android_art for caller /apex/com.android.art/javalib/core-oj.jar: ok
06-03 14:39:53.582  2314  2314 D nativeloader: Load libopenjdk.so using APEX ns com_android_art for caller /apex/com.android.art/javalib/core-oj.jar: ok
06-03 14:39:53.583  2314  2314 W app_process: ClassLoaderContext shared library size mismatch. Expected=2, found=0 (PCL[]{PCL[/system/framework/android.test.base.jar*724373495]#PCL[/system/framework/android.test.mock.jar*1452759902]} | PCL[])
06-03 14:39:53.583  2314  2314 W app_process: ClassLoaderContext classpath size mismatch. expected=0, found=1 (PCL[]{PCL[/system/framework/android.test.runner.jar*2496447986]#PCL[/system/framework/android.test.base.jar*724373495]} | PCL[/system/framework/android.test.runner.jar*2496447986])
06-03 14:39:53.588  2314  2314 D nativeloader: Load libframework-connectivity-tiramisu-jni.so using APEX ns com_android_tethering for caller /apex/com.android.tethering/javalib/framework-connectivity-t.jar: ok
06-03 14:39:53.589  2314  2314 D AndroidRuntime: Calling main entry com.android.commands.uiautomator.Launcher
06-03 14:39:53.590  2314  2314 D UiAutomationConnection: Created on user UserHandle{0}
06-03 14:39:53.590  2314  2314 I UiAutomation: Initialized for user 0 on display 0
06-03 14:39:53.590  2314  2314 W UiAutomation: Created with deprecatead constructor, assumes DEFAULT_DISPLAY
06-03 14:39:53.591   542   643 D AccessibilityManagerService: changeCurrentUserForTestAutomationIfNeededLocked(0): ignoring because device doesn't support visible background users
06-03 14:39:53.591   542   643 I UiAutomationManager: Registering UiTestAutomationService (id=com.android.server.accessibility/UiAutomation, flags=0x0) when called by user 0
06-03 14:39:53.591   542   643 W MagnificationConnectionManager: requestConnection duplicated request: connect=false, mConnectionState=DISCONNECTED
06-03 14:39:53.592   542   542 W IPCThreadState: Sending oneway calls to frozen process.
06-03 14:39:53.592   542   542 W IPCThreadState: Sending oneway calls to frozen process.
06-03 14:39:53.592   542   542 W IPCThreadState: Sending oneway calls to frozen process.
06-03 14:39:53.592   542   542 W IPCThreadState: Sending oneway calls to frozen process.
06-03 14:39:53.592   542   542 W IPCThreadState: Sending oneway calls to frozen process.
06-03 14:39:53.592   542   542 W IPCThreadState: Sending oneway calls to frozen process.
06-03 14:39:53.592   542   542 W IPCThreadState: Sending oneway calls to frozen process.
06-03 14:39:53.592   542   542 W IPCThreadState: Sending oneway calls to frozen process.
06-03 14:39:53.592   542   542 W IPCThreadState: Sending oneway calls to frozen process.
06-03 14:39:53.592   542   542 D BatterySaverPolicy: accessibility changed to true, updating policy.
06-03 14:39:53.592  2314  2326 V UiAutomation: Init UiAutomation@d1363c0[id=8, displayId=0, flags=0]
06-03 14:39:53.593   542   561 W MagnificationConnectionManager: requestConnection duplicated request: connect=false, mConnectionState=DISCONNECTED
06-03 14:39:53.594   542   542 W IPCThreadState: Sending oneway calls to frozen process.
06-03 14:39:53.594   542   542 W IPCThreadState: Sending oneway calls to frozen process.
06-03 14:39:53.594   542   542 W IPCThreadState: Sending oneway calls to frozen process.
06-03 14:39:53.594   542   542 W IPCThreadState: Sending oneway calls to frozen process.
06-03 14:39:53.594   542   542 W IPCThreadState: Sending oneway calls to frozen process.
06-03 14:39:53.594   542   542 W IPCThreadState: Sending oneway calls to frozen process.
06-03 14:39:54.477   542   849 W BestClock: java.time.DateTimeException: Missing network time fix
06-03 14:39:54.477   542   849 W BestClock: java.time.DateTimeException: Missing network time fix
06-03 14:39:54.478   542   849 W BestClock: java.time.DateTimeException: Missing network time fix
06-03 14:39:54.618  2314  2314 W AccessibilityNodeInfoDumper: Fetch time: 19ms
06-03 14:39:54.620   542   849 W MagnificationConnectionManager: requestConnection duplicated request: connect=false, mConnectionState=DISCONNECTED
06-03 14:39:54.620   542   849 D AccessibilityManagerService: restoreCurrentUserForTestAutomationIfNeededLocked(): ignoring because device doesn't support visible background users
06-03 14:39:54.620   542   542 W IPCThreadState: Sending oneway calls to frozen process.
06-03 14:39:54.620   542   542 W IPCThreadState: Sending oneway calls to frozen process.
06-03 14:39:54.620   542   542 W IPCThreadState: Sending oneway calls to frozen process.
06-03 14:39:54.620   542   542 W IPCThreadState: Sending oneway calls to frozen process.
06-03 14:39:54.620   542   542 W IPCThreadState: Sending oneway calls to frozen process.
06-03 14:39:54.620   542   542 W IPCThreadState: Sending oneway calls to frozen process.
06-03 14:39:54.620  2314  2314 D AndroidRuntime: Shutting down VM
06-03 14:39:54.621   542   542 W IPCThreadState: Sending oneway calls to frozen process.
06-03 14:39:54.621   542   542 W IPCThreadState: Sending oneway calls to frozen process.
06-03 14:39:54.621   542   542 W IPCThreadState: Sending oneway calls to frozen process.
06-03 14:39:54.621   542   542 D BatterySaverPolicy: accessibility changed to false, updating policy.
